registrationID,username,phonenumber1,phonenumber2,agentcode,execuitivecode,pending
A008,Harimurthy,9901231236,,AG0001,,4500
B0001,U.L.N Upadhyaya,9901231234,9901231244,AG001,EX001,1500
B0002,B S Banashankari Devi M.,9901231235,,AG002,EX002,1500
B0003,Vageesh Acharya U,9901231236,,AG003,,1500
B0004,Arjun Kapikad,9901231237,,AG004,EX004,1500
B0005,Bangarappa Vedam,9901231238,,AG005,EX005,1500
B0006,Vageesh Acharya B,9901231239,,AG006,EX006,1500
B0007,Vinayaka R,9901231240,,AG007,EX007,1500
B0010,Kawadi Satvekar Pindi,9901231243,,,,1500
B0011,U.L.N Upadhyaya,9901231234,9901231244,AG001,EX001,1500
B0012,B S Banashankari Devi M.,9901231235,,AG002,EX002,1500
B0013,Vageesh Acharya U,9901231236,,AG003,,1500
B0014,Arjun Kapikad,9901231237,,AG004,EX004,1500
B0015,Bangarappa Vedam,9901231238,,AG005,EX005,1500
B0016,Vageesh Acharya B,9901231239,,AG006,EX006,1500
B0017,Vinayaka R,9901231240,,AG007,EX007,1500
B0020,Kawadi Satvekar Pindi,9901231243,,,,1500
B0021,U.L.N Upadhyaya,9901231234,9901231244,AG001,EX001,1500
B0022,B S Banashankari Devi M.,9901231235,,AG002,EX002,1500
B0023,Vageesh Acharya U,9901231236,,AG003,,1500
B0024,Arjun Kapikad,9901231237,,AG004,EX004,1500
B0025,Bangarappa Vedam,9901231238,,AG005,EX005,1500
B0026,Vageesh Acharya B,9901231239,,AG006,EX006,1500
B0027,Vinayaka R,9901231240,,AG007,EX007,1500
B0030,Kawadi Satvekar Pindi,9901231243,,,,1500
B0031,U.L.N Upadhyaya,9901231234,9901231244,AG001,EX001,1500
B0032,B S Banashankari Devi M.,9901231235,,AG002,EX002,1500
B0033,Vageesh Acharya U,9901231236,,AG003,,1500
B0034,Arjun Kapikad,9901231237,,AG004,EX004,1500
B0035,Bangarappa Vedam,9901231238,,AG005,EX005,1500
B0036,Vageesh Acharya B,9901231239,,AG006,EX006,1500
B0037,Vinayaka R,9901231240,,AG007,EX007,1500
B0040,Kawadi Satvekar Pindi,9901231243,,,,1500
B0041,U.L.N Upadhyaya,9901231234,9901231244,AG001,EX001,1500
B0042,B S Banashankari Devi M.,9901231235,,AG002,EX002,1500
B0043,Vageesh Acharya U,9901231236,,AG003,,1500
B0044,Arjun Kapikad,9901231237,,AG004,EX004,1500
B0045,Bangarappa Vedam,9901231238,,AG005,EX005,1500
B0046,Vageesh Acharya B,9901231239,,AG006,EX006,1500
B0047,Vinayaka R,9901231240,,AG007,EX007,1500
B0050,Kawadi Satvekar Pindi,9901231243,,,,1500
B0051,U.L.N Upadhyaya,9901231234,9901231244,AG001,EX001,1500
B0052,B S Banashankari Devi M.,9901231235,,AG002,EX002,1500
B0053,Vageesh Acharya U,9901231236,,AG003,,1500
B0054,Arjun Kapikad,9901231237,,AG004,EX004,1500
B0055,Bangarappa Vedam,9901231238,,AG005,EX005,1500
B0056,Vageesh Acharya B,9901231239,,AG006,EX006,1500
B0057,Vinayaka R,9901231240,,AG007,EX007,1500
B0060,Kawadi Satvekar Pindi,9901231243,,,,1500
B0061,U.L.N Upadhyaya,9901231234,9901231244,AG001,EX001,1500
B0062,B S Banashankari Devi M.,9901231235,,AG002,EX002,1500
B0063,Vageesh Acharya U,9901231236,,AG003,,1500
B0064,Arjun Kapikad,9901231237,,AG004,EX004,1500
B0065,Bangarappa Vedam,9901231238,,AG005,EX005,1500
B0066,Vageesh Acharya B,9901231239,,AG006,EX006,1500
B0067,Vinayaka R,9901231240,,AG007,EX007,1500
B0070,Kawadi Satvekar Pindi,9901231243,,,,1500
B0071,U.L.N Upadhyaya,9901231234,9901231244,AG001,EX001,1500
B0072,B S Banashankari Devi M.,9901231235,,AG002,EX002,1500
B0073,Vageesh Acharya U,9901231236,,AG003,,1500
B0074,Arjun Kapikad,9901231237,,AG004,EX004,1500
B0075,Bangarappa Vedam,9901231238,,AG005,EX005,1500
B0076,Vageesh Acharya B,9901231239,,AG006,EX006,1500
B0077,Vinayaka R,9901231240,,AG007,EX007,1500
B0080,Kawadi Satvekar Pindi,9901231243,,,,1500
B0081,U.L.N Upadhyaya,9901231234,9901231244,AG001,EX001,1500
B0082,B S Banashankari Devi M.,9901231235,,AG002,EX002,1500
B0083,Vageesh Acharya U,9901231236,,AG003,,1500
B0084,Arjun Kapikad,9901231237,,AG004,EX004,1500
B0085,Bangarappa Vedam,9901231238,,AG005,EX005,1500
B0086,Vageesh Acharya B,9901231239,,AG006,EX006,1500
B0087,Vinayaka R,9901231240,,AG007,EX007,1500
B0090,Kawadi Satvekar Pindi,9901231243,,,,1500
B0091,U.L.N Upadhyaya,9901231234,9901231244,AG001,EX001,1500
B0092,B S Banashankari Devi M.,9901231235,,AG002,EX002,1500
B0093,Vageesh Acharya U,9901231236,,AG003,,1500
B0094,Arjun Kapikad,9901231237,,AG004,EX004,1500
B0095,Bangarappa Vedam,9901231238,,AG005,EX005,1500
B0096,Vageesh Acharya B,9901231239,,AG006,EX006,1500
B0097,Vinayaka R,9901231240,,AG007,EX007,1500
B0100,Kawadi Satvekar Pindi,9901231243,,,,1500
B0101,U.L.N Upadhyaya,9901231234,9901231244,AG001,EX001,1500
B0102,B S Banashankari Devi M.,9901231235,,AG002,EX002,1500
B0103,Vageesh Acharya U,9901231236,,AG003,,1500
B0104,Arjun Kapikad,9901231237,,AG004,EX004,1500
B0105,Bangarappa Vedam,9901231238,,AG005,EX005,1500
B0106,Vageesh Acharya B,9901231239,,AG006,EX006,1500
B0107,Vinayaka R,9901231240,,AG007,EX007,1500
B0110,Kawadi Satvekar Pindi,9901231243,,,,1500
B0111,U.L.N Upadhyaya,9901231234,9901231244,AG001,EX001,1500
B0112,B S Banashankari Devi M.,9901231235,,AG002,EX002,1500
B0113,Vageesh Acharya U,9901231236,,AG003,,1500
B0114,Arjun Kapikad,9901231237,,AG004,EX004,1500
B0115,Bangarappa Vedam,9901231238,,AG005,EX005,1500
B0116,Vageesh Acharya B,9901231239,,AG006,EX006,1500
B0117,Vinayaka R,9901231240,,AG007,EX007,1500
B0120,Kawadi Satvekar Pindi,9901231243,,,,1500
B0121,U.L.N Upadhyaya,9901231234,9901231244,AG001,EX001,1500
B0122,B S Banashankari Devi M.,9901231235,,AG002,EX002,1500
B0123,Vageesh Acharya U,9901231236,,AG003,,1500
B0124,Arjun Kapikad,9901231237,,AG004,EX004,1500
B0125,Bangarappa Vedam,9901231238,,AG005,EX005,1500
B0126,Vageesh Acharya B,9901231239,,AG006,EX006,1500
B0127,Vinayaka R,9901231240,,AG007,EX007,1500
B0130,Kawadi Satvekar Pindi,9901231243,,,,1500
B0131,U.L.N Upadhyaya,9901231234,9901231244,AG001,EX001,1500
B0132,B S Banashankari Devi M.,9901231235,,AG002,EX002,1500
B0133,Vageesh Acharya U,9901231236,,AG003,,1500
B0134,Arjun Kapikad,9901231237,,AG004,EX004,1500
B0135,Bangarappa Vedam,9901231238,,AG005,EX005,1500
B0136,Vageesh Acharya B,9901231239,,AG006,EX006,1500
B0137,Vinayaka R,9901231240,,AG007,EX007,1500
B0140,Kawadi Satvekar Pindi,9901231243,,,,1500
B0141,U.L.N Upadhyaya,9901231234,9901231244,AG001,EX001,1500
B0142,B S Banashankari Devi M.,9901231235,,AG002,EX002,1500
B0143,Vageesh Acharya U,9901231236,,AG003,,1500
B0144,Arjun Kapikad,9901231237,,AG004,EX004,1500
B0145,Bangarappa Vedam,9901231238,,AG005,EX005,1500
B0146,Vageesh Acharya B,9901231239,,AG006,EX006,1500
B0147,Vinayaka R,9901231240,,AG007,EX007,1500
B0150,Kawadi Satvekar Pindi,9901231243,,,,1500
B0151,U.L.N Upadhyaya,9901231234,9901231244,AG001,EX001,1500
B0152,B S Banashankari Devi M.,9901231235,,AG002,EX002,1500
B0153,Vageesh Acharya U,9901231236,,AG003,,1500
B0154,Arjun Kapikad,9901231237,,AG004,EX004,1500
B0155,Bangarappa Vedam,9901231238,,AG005,EX005,1500
B0156,Vageesh Acharya B,9901231239,,AG006,EX006,1500
B0157,Vinayaka R,9901231240,,AG007,EX007,1500
B0160,Kawadi Satvekar Pindi,9901231243,,,,1500
B0161,U.L.N Upadhyaya,9901231234,9901231244,AG001,EX001,1500
B0162,B S Banashankari Devi M.,9901231235,,AG002,EX002,1500
B0163,Vageesh Acharya U,9901231236,,AG003,,1500
B0164,Arjun Kapikad,9901231237,,AG004,EX004,1500
B0165,Bangarappa Vedam,9901231238,,AG005,EX005,1500
B0166,Vageesh Acharya B,9901231239,,AG006,EX006,1500
B0167,Vinayaka R,9901231240,,AG007,EX007,1500
B0170,Kawadi Satvekar Pindi,9901231243,,,,1500
B0171,U.L.N Upadhyaya,9901231234,9901231244,AG001,EX001,1500
B0172,B S Banashankari Devi M.,9901231235,,AG002,EX002,1500
B0173,Vageesh Acharya U,9901231236,,AG003,,1500
B0174,Arjun Kapikad,9901231237,,AG004,EX004,1500
B0175,Bangarappa Vedam,9901231238,,AG005,EX005,1500
B0176,Vageesh Acharya B,9901231239,,AG006,EX006,1500
B0177,Vinayaka R,9901231240,,AG007,EX007,1500
B0180,Kawadi Satvekar Pindi,9901231243,,,,1500
B0181,U.L.N Upadhyaya,9901231234,9901231244,AG001,EX001,1500
B0182,B S Banashankari Devi M.,9901231235,,AG002,EX002,1500
B0183,Vageesh Acharya U,9901231236,,AG003,,1500
B0184,Arjun Kapikad,9901231237,,AG004,EX004,1500
B0185,Bangarappa Vedam,9901231238,,AG005,EX005,1500
B0186,Vageesh Acharya B,9901231239,,AG006,EX006,1500
B0187,Vinayaka R,9901231240,,AG007,EX007,1500
B0190,Kawadi Satvekar Pindi,9901231243,,,,1500
B0191,U.L.N Upadhyaya,9901231234,9901231244,AG001,EX001,1500
B0192,B S Banashankari Devi M.,9901231235,,AG002,EX002,1500
B0193,Vageesh Acharya U,9901231236,,AG003,,1500
B0194,Arjun Kapikad,9901231237,,AG004,EX004,1500
B0195,Bangarappa Vedam,9901231238,,AG005,EX005,1500
B0196,Vageesh Acharya B,9901231239,,AG006,EX006,1500
B0197,Vinayaka R,9901231240,,AG007,EX007,1500
B0200,Kawadi Satvekar Pindi,9901231243,,,,1500
B0201,U.L.N Upadhyaya,9901231234,9901231244,AG001,EX001,1500
B0202,B S Banashankari Devi M.,9901231235,,AG002,EX002,1500
B0203,Vageesh Acharya U,9901231236,,AG003,,1500
B0204,Arjun Kapikad,9901231237,,AG004,EX004,1500
B0205,Bangarappa Vedam,9901231238,,AG005,EX005,1500
B0206,Vageesh Acharya B,9901231239,,AG006,EX006,1500
B0207,Vinayaka R,9901231240,,AG007,EX007,1500
B0210,Kawadi Satvekar Pindi,9901231243,,,,1500
B0211,U.L.N Upadhyaya,9901231234,9901231244,AG001,EX001,1500
B0212,B S Banashankari Devi M.,9901231235,,AG002,EX002,1500
B0213,Vageesh Acharya U,9901231236,,AG003,,1500
B0214,Arjun Kapikad,9901231237,,AG004,EX004,1500
B0215,Bangarappa Vedam,9901231238,,AG005,EX005,1500
B0216,Vageesh Acharya B,9901231239,,AG006,EX006,1500
B0217,Vinayaka R,9901231240,,AG007,EX007,1500
B0220,Kawadi Satvekar Pindi,9901231243,,,,1500
B0221,U.L.N Upadhyaya,9901231234,9901231244,AG001,EX001,1500
B0222,B S Banashankari Devi M.,9901231235,,AG002,EX002,1500
B0223,Vageesh Acharya U,9901231236,,AG003,,1500
B0224,Arjun Kapikad,9901231237,,AG004,EX004,1500
B0225,Bangarappa Vedam,9901231238,,AG005,EX005,1500
B0226,Vageesh Acharya B,9901231239,,AG006,EX006,1500
B0227,Vinayaka R,9901231240,,AG007,EX007,1500
B0230,Kawadi Satvekar Pindi,9901231243,,,,1500
B0231,U.L.N Upadhyaya,9901231234,9901231244,AG001,EX001,1500
B0232,B S Banashankari Devi M.,9901231235,,AG002,EX002,1500
B0233,Vageesh Acharya U,9901231236,,AG003,,1500
B0234,Arjun Kapikad,9901231237,,AG004,EX004,1500
B0235,Bangarappa Vedam,9901231238,,AG005,EX005,1500
B0236,Vageesh Acharya B,9901231239,,AG006,EX006,1500
B0237,Vinayaka R,9901231240,,AG007,EX007,1500
B0240,Kawadi Satvekar Pindi,9901231243,,,,1500
B0241,U.L.N Upadhyaya,9901231234,9901231244,AG001,EX001,1500
B0242,B S Banashankari Devi M.,9901231235,,AG002,EX002,1500
B0243,Vageesh Acharya U,9901231236,,AG003,,1500
B0244,Arjun Kapikad,9901231237,,AG004,EX004,1500
B0245,Bangarappa Vedam,9901231238,,AG005,EX005,1500
B0246,Vageesh Acharya B,9901231239,,AG006,EX006,1500
B0247,Vinayaka R,9901231240,,AG007,EX007,1500
B0250,Kawadi Satvekar Pindi,9901231243,,,,1500
B0251,U.L.N Upadhyaya,9901231234,9901231244,AG001,EX001,1500
B0252,B S Banashankari Devi M.,9901231235,,AG002,EX002,1500
B0253,Vageesh Acharya U,9901231236,,AG003,,1500
B0254,Arjun Kapikad,9901231237,,AG004,EX004,1500
B0255,Bangarappa Vedam,9901231238,,AG005,EX005,1500
B0256,Vageesh Acharya B,9901231239,,AG006,EX006,1500
B0257,Vinayaka R,9901231240,,AG007,EX007,1500
B0260,Kawadi Satvekar Pindi,9901231243,,,,1500
B0261,U.L.N Upadhyaya,9901231234,9901231244,AG001,EX001,1500
B0262,B S Banashankari Devi M.,9901231235,,AG002,EX002,1500
B0263,Vageesh Acharya U,9901231236,,AG003,,1500
B0264,Arjun Kapikad,9901231237,,AG004,EX004,1500
B0265,Bangarappa Vedam,9901231238,,AG005,EX005,1500
B0266,Vageesh Acharya B,9901231239,,AG006,EX006,1500
B0267,Vinayaka R,9901231240,,AG007,EX007,1500
B0270,Kawadi Satvekar Pindi,9901231243,,,,1500
B0271,U.L.N Upadhyaya,9901231234,9901231244,AG001,EX001,1500
B0272,B S Banashankari Devi M.,9901231235,,AG002,EX002,1500
B0273,Vageesh Acharya U,9901231236,,AG003,,1500
B0274,Arjun Kapikad,9901231237,,AG004,EX004,1500
B0275,Bangarappa Vedam,9901231238,,AG005,EX005,1500
B0276,Vageesh Acharya B,9901231239,,AG006,EX006,1500
B0277,Vinayaka R,9901231240,,AG007,EX007,1500
B0280,Kawadi Satvekar Pindi,9901231243,,,,1500
B0281,U.L.N Upadhyaya,9901231234,9901231244,AG001,EX001,1500
B0282,B S Banashankari Devi M.,9901231235,,AG002,EX002,1500
B0283,Vageesh Acharya U,9901231236,,AG003,,1500
B0284,Arjun Kapikad,9901231237,,AG004,EX004,1500
B0285,Bangarappa Vedam,9901231238,,AG005,EX005,1500
B0286,Vageesh Acharya B,9901231239,,AG006,EX006,1500
B0287,Vinayaka R,9901231240,,AG007,EX007,1500
B0290,Kawadi Satvekar Pindi,9901231243,,,,1500
B0291,U.L.N Upadhyaya,9901231234,9901231244,AG001,EX001,1500
B0292,B S Banashankari Devi M.,9901231235,,AG002,EX002,1500
B0293,Vageesh Acharya U,9901231236,,AG003,,1500
B0294,Arjun Kapikad,9901231237,,AG004,EX004,1500
B0295,Bangarappa Vedam,9901231238,,AG005,EX005,1500
B0296,Vageesh Acharya B,9901231239,,AG006,EX006,1500
B0297,Vinayaka R,9901231240,,AG007,EX007,1500
B0300,Kawadi Satvekar Pindi,9901231243,,,,1500
B0301,U.L.N Upadhyaya,9901231234,9901231244,AG001,EX001,1500
B0302,B S Banashankari Devi M.,9901231235,,AG002,EX002,1500
B0303,Vageesh Acharya U,9901231236,,AG003,,1500
B0304,Arjun Kapikad,9901231237,,AG004,EX004,1500
B0305,Bangarappa Vedam,9901231238,,AG005,EX005,1500
B0306,Vageesh Acharya B,9901231239,,AG006,EX006,1500
B0307,Vinayaka R,9901231240,,AG007,EX007,1500
B0310,Kawadi Satvekar Pindi,9901231243,,,,1500
B0311,U.L.N Upadhyaya,9901231234,9901231244,AG001,EX001,1500
B0312,B S Banashankari Devi M.,9901231235,,AG002,EX002,1500
B0313,Vageesh Acharya U,9901231236,,AG003,,1500
B0314,Arjun Kapikad,9901231237,,AG004,EX004,1500
B0315,Bangarappa Vedam,9901231238,,AG005,EX005,1500
B0316,Vageesh Acharya B,9901231239,,AG006,EX006,1500
B0317,Vinayaka R,9901231240,,AG007,EX007,1500
B0320,Kawadi Satvekar Pindi,9901231243,,,,1500
B0321,U.L.N Upadhyaya,9901231234,9901231244,AG001,EX001,1500
B0322,B S Banashankari Devi M.,9901231235,,AG002,EX002,1500
B0323,Vageesh Acharya U,9901231236,,AG003,,1500
B0324,Arjun Kapikad,9901231237,,AG004,EX004,1500
B0325,Bangarappa Vedam,9901231238,,AG005,EX005,1500
B0326,Vageesh Acharya B,9901231239,,AG006,EX006,1500
B0327,Vinayaka R,9901231240,,AG007,EX007,1500
B0330,Kawadi Satvekar Pindi,9901231243,,,,1500
B0331,U.L.N Upadhyaya,9901231234,9901231244,AG001,EX001,1500
B0332,B S Banashankari Devi M.,9901231235,,AG002,EX002,1500
B0333,Vageesh Acharya U,9901231236,,AG003,,1500
B0334,Arjun Kapikad,9901231237,,AG004,EX004,1500
B0335,Bangarappa Vedam,9901231238,,AG005,EX005,1500
B0336,Vageesh Acharya B,9901231239,,AG006,EX006,1500
B0337,Vinayaka R,9901231240,,AG007,EX007,1500
B0340,Kawadi Satvekar Pindi,9901231243,,,,1500
B0341,U.L.N Upadhyaya,9901231234,9901231244,AG001,EX001,1500
B0342,B S Banashankari Devi M.,9901231235,,AG002,EX002,1500
B0343,Vageesh Acharya U,9901231236,,AG003,,1500
B0344,Arjun Kapikad,9901231237,,AG004,EX004,1500
B0345,Bangarappa Vedam,9901231238,,AG005,EX005,1500
B0346,Vageesh Acharya B,9901231239,,AG006,EX006,1500
B0347,Vinayaka R,9901231240,,AG007,EX007,1500
B0350,Kawadi Satvekar Pindi,9901231243,,,,1500
B0351,U.L.N Upadhyaya,9901231234,9901231244,AG001,EX001,1500
B0352,B S Banashankari Devi M.,9901231235,,AG002,EX002,1500
B0353,Vageesh Acharya U,9901231236,,AG003,,1500
B0354,Arjun Kapikad,9901231237,,AG004,EX004,1500
B0355,Bangarappa Vedam,9901231238,,AG005,EX005,1500
B0356,Vageesh Acharya B,9901231239,,AG006,EX006,1500
B0357,Vinayaka R,9901231240,,AG007,EX007,1500
B0360,Kawadi Satvekar Pindi,9901231243,,,,1500
B0361,U.L.N Upadhyaya,9901231234,9901231244,AG001,EX001,1500
B0362,B S Banashankari Devi M.,9901231235,,AG002,EX002,1500
B0363,Vageesh Acharya U,9901231236,,AG003,,1500
B0364,Arjun Kapikad,9901231237,,AG004,EX004,1500
B0365,Bangarappa Vedam,9901231238,,AG005,EX005,1500
B0366,Vageesh Acharya B,9901231239,,AG006,EX006,1500
B0367,Vinayaka R,9901231240,,AG007,EX007,1500
B0370,Kawadi Satvekar Pindi,9901231243,,,,1500
B0371,U.L.N Upadhyaya,9901231234,9901231244,AG001,EX001,1500
B0372,B S Banashankari Devi M.,9901231235,,AG002,EX002,1500
B0373,Vageesh Acharya U,9901231236,,AG003,,1500
B0374,Arjun Kapikad,9901231237,,AG004,EX004,1500
B0375,Bangarappa Vedam,9901231238,,AG005,EX005,1500
B0376,Vageesh Acharya B,9901231239,,AG006,EX006,1500
B0377,Vinayaka R,9901231240,,AG007,EX007,1500
B0380,Kawadi Satvekar Pindi,9901231243,,,,1500
B0381,U.L.N Upadhyaya,9901231234,9901231244,AG001,EX001,1500
B0382,B S Banashankari Devi M.,9901231235,,AG002,EX002,1500
B0383,Vageesh Acharya U,9901231236,,AG003,,1500
B0384,Arjun Kapikad,9901231237,,AG004,EX004,1500
B0385,Bangarappa Vedam,9901231238,,AG005,EX005,1500
B0386,Vageesh Acharya B,9901231239,,AG006,EX006,1500
B0387,Vinayaka R,9901231240,,AG007,EX007,1500
B0390,Kawadi Satvekar Pindi,9901231243,,,,1500
B0391,U.L.N Upadhyaya,9901231234,9901231244,AG001,EX001,1500
B0392,B S Banashankari Devi M.,9901231235,,AG002,EX002,1500
B0393,Vageesh Acharya U,9901231236,,AG003,,1500
B0394,Arjun Kapikad,9901231237,,AG004,EX004,1500
B0395,Bangarappa Vedam,9901231238,,AG005,EX005,1500
B0396,Vageesh Acharya B,9901231239,,AG006,EX006,1500
B0397,Vinayaka R,9901231240,,AG007,EX007,1500
B0400,Kawadi Satvekar Pindi,9901231243,,,,1500
B0401,U.L.N Upadhyaya,9901231234,9901231244,AG001,EX001,1500
B0402,B S Banashankari Devi M.,9901231235,,AG002,EX002,1500
B0403,Vageesh Acharya U,9901231236,,AG003,,1500
B0404,Arjun Kapikad,9901231237,,AG004,EX004,1500
B0405,Bangarappa Vedam,9901231238,,AG005,EX005,1500
B0406,Vageesh Acharya B,9901231239,,AG006,EX006,1500
B0407,Vinayaka R,9901231240,,AG007,EX007,1500
B0410,Kawadi Satvekar Pindi,9901231243,,,,1500
B0411,U.L.N Upadhyaya,9901231234,9901231244,AG001,EX001,1500
B0412,B S Banashankari Devi M.,9901231235,,AG002,EX002,1500
B0413,Vageesh Acharya U,9901231236,,AG003,,1500
B0414,Arjun Kapikad,9901231237,,AG004,EX004,1500
B0415,Bangarappa Vedam,9901231238,,AG005,EX005,1500
B0416,Vageesh Acharya B,9901231239,,AG006,EX006,1500
B0417,Vinayaka R,9901231240,,AG007,EX007,1500
B0420,Kawadi Satvekar Pindi,9901231243,,,,1500
B0421,U.L.N Upadhyaya,9901231234,9901231244,AG001,EX001,1500
B0422,B S Banashankari Devi M.,9901231235,,AG002,EX002,1500
B0423,Vageesh Acharya U,9901231236,,AG003,,1500
B0424,Arjun Kapikad,9901231237,,AG004,EX004,1500
B0425,Bangarappa Vedam,9901231238,,AG005,EX005,1500
B0426,Vageesh Acharya B,9901231239,,AG006,EX006,1500
B0427,Vinayaka R,9901231240,,AG007,EX007,1500
B0430,Kawadi Satvekar Pindi,9901231243,,,,1500
B0431,U.L.N Upadhyaya,9901231234,9901231244,AG001,EX001,1500
B0432,B S Banashankari Devi M.,9901231235,,AG002,EX002,1500
B0433,Vageesh Acharya U,9901231236,,AG003,,1500
B0434,Arjun Kapikad,9901231237,,AG004,EX004,1500
B0435,Bangarappa Vedam,9901231238,,AG005,EX005,1500
B0436,Vageesh Acharya B,9901231239,,AG006,EX006,1500
B0437,Vinayaka R,9901231240,,AG007,EX007,1500
B0440,Kawadi Satvekar Pindi,9901231243,,,,1500
B0441,U.L.N Upadhyaya,9901231234,9901231244,AG001,EX001,1500
B0442,B S Banashankari Devi M.,9901231235,,AG002,EX002,1500
B0443,Vageesh Acharya U,9901231236,,AG003,,1500
B0444,Arjun Kapikad,9901231237,,AG004,EX004,1500
B0445,Bangarappa Vedam,9901231238,,AG005,EX005,1500
B0446,Vageesh Acharya B,9901231239,,AG006,EX006,1500
B0447,Vinayaka R,9901231240,,AG007,EX007,1500
B0450,Kawadi Satvekar Pindi,9901231243,,,,1500
B0451,U.L.N Upadhyaya,9901231234,9901231244,AG001,EX001,1500
B0452,B S Banashankari Devi M.,9901231235,,AG002,EX002,1500
B0453,Vageesh Acharya U,9901231236,,AG003,,1500
B0454,Arjun Kapikad,9901231237,,AG004,EX004,1500
B0455,Bangarappa Vedam,9901231238,,AG005,EX005,1500
B0456,Vageesh Acharya B,9901231239,,AG006,EX006,1500
B0457,Vinayaka R,9901231240,,AG007,EX007,1500
B0460,Kawadi Satvekar Pindi,9901231243,,,,1500
B0461,U.L.N Upadhyaya,9901231234,9901231244,AG001,EX001,1500
B0462,B S Banashankari Devi M.,9901231235,,AG002,EX002,1500
B0463,Vageesh Acharya U,9901231236,,AG003,,1500
B0464,Arjun Kapikad,9901231237,,AG004,EX004,1500
B0465,Bangarappa Vedam,9901231238,,AG005,EX005,1500
B0466,Vageesh Acharya B,9901231239,,AG006,EX006,1500
B0467,Vinayaka R,9901231240,,AG007,EX007,1500
B0470,Kawadi Satvekar Pindi,9901231243,,,,1500
B0471,U.L.N Upadhyaya,9901231234,9901231244,AG001,EX001,1500
B0472,B S Banashankari Devi M.,9901231235,,AG002,EX002,1500
B0473,Vageesh Acharya U,9901231236,,AG003,,1500
B0474,Arjun Kapikad,9901231237,,AG004,EX004,1500
B0475,Bangarappa Vedam,9901231238,,AG005,EX005,1500
B0476,Vageesh Acharya B,9901231239,,AG006,EX006,1500
B0477,Vinayaka R,9901231240,,AG007,EX007,1500
B0480,Kawadi Satvekar Pindi,9901231243,,,,1500
B0481,U.L.N Upadhyaya,9901231234,9901231244,AG001,EX001,1500
B0482,B S Banashankari Devi M.,9901231235,,AG002,EX002,1500
B0483,Vageesh Acharya U,9901231236,,AG003,,1500
B0484,Arjun Kapikad,9901231237,,AG004,EX004,1500
B0485,Bangarappa Vedam,9901231238,,AG005,EX005,1500
B0486,Vageesh Acharya B,9901231239,,AG006,EX006,1500
B0487,Vinayaka R,9901231240,,AG007,EX007,1500
B0490,Kawadi Satvekar Pindi,9901231243,,,,1500
B0491,U.L.N Upadhyaya,9901231234,9901231244,AG001,EX001,1500
B0492,B S Banashankari Devi M.,9901231235,,AG002,EX002,1500
B0493,Vageesh Acharya U,9901231236,,AG003,,1500
B0494,Arjun Kapikad,9901231237,,AG004,EX004,1500
B0495,Bangarappa Vedam,9901231238,,AG005,EX005,1500
B0496,Vageesh Acharya B,9901231239,,AG006,EX006,1500
B0497,Vinayaka R,9901231240,,AG007,EX007,1500
B0500,Kawadi Satvekar Pindi,9901231243,,,,1500
B0501,U.L.N Upadhyaya,9901231234,9901231244,AG001,EX001,1500
B0502,B S Banashankari Devi M.,9901231235,,AG002,EX002,1500
B0503,Vageesh Acharya U,9901231236,,AG003,,1500
B0504,Arjun Kapikad,9901231237,,AG004,EX004,1500
B0505,Bangarappa Vedam,9901231238,,AG005,EX005,1500
B0506,Vageesh Acharya B,9901231239,,AG006,EX006,1500
B0507,Vinayaka R,9901231240,,AG007,EX007,1500
B0510,Kawadi Satvekar Pindi,9901231243,,,,1500
B0511,U.L.N Upadhyaya,9901231234,9901231244,AG001,EX001,1500
B0512,B S Banashankari Devi M.,9901231235,,AG002,EX002,1500
B0513,Vageesh Acharya U,9901231236,,AG003,,1500
B0514,Arjun Kapikad,9901231237,,AG004,EX004,1500
B0515,Bangarappa Vedam,9901231238,,AG005,EX005,1500
B0516,Vageesh Acharya B,9901231239,,AG006,EX006,1500
B0517,Vinayaka R,9901231240,,AG007,EX007,1500
B0520,Kawadi Satvekar Pindi,9901231243,,,,1500
B0521,U.L.N Upadhyaya,9901231234,9901231244,AG001,EX001,1500
B0522,B S Banashankari Devi M.,9901231235,,AG002,EX002,1500
B0523,Vageesh Acharya U,9901231236,,AG003,,1500
B0524,Arjun Kapikad,9901231237,,AG004,EX004,1500
B0525,Bangarappa Vedam,9901231238,,AG005,EX005,1500
B0526,Vageesh Acharya B,9901231239,,AG006,EX006,1500
B0527,Vinayaka R,9901231240,,AG007,EX007,1500
B0530,Kawadi Satvekar Pindi,9901231243,,,,1500
B0531,U.L.N Upadhyaya,9901231234,9901231244,AG001,EX001,1500
B0532,B S Banashankari Devi M.,9901231235,,AG002,EX002,1500
B0533,Vageesh Acharya U,9901231236,,AG003,,1500
B0534,Arjun Kapikad,9901231237,,AG004,EX004,1500
B0535,Bangarappa Vedam,9901231238,,AG005,EX005,1500
B0536,Vageesh Acharya B,9901231239,,AG006,EX006,1500
B0537,Vinayaka R,9901231240,,AG007,EX007,1500
B0540,Kawadi Satvekar Pindi,9901231243,,,,1500
B0541,U.L.N Upadhyaya,9901231234,9901231244,AG001,EX001,1500
B0542,B S Banashankari Devi M.,9901231235,,AG002,EX002,1500
B0543,Vageesh Acharya U,9901231236,,AG003,,1500
B0544,Arjun Kapikad,9901231237,,AG004,EX004,1500
B0545,Bangarappa Vedam,9901231238,,AG005,EX005,1500
B0546,Vageesh Acharya B,9901231239,,AG006,EX006,1500
B0547,Vinayaka R,9901231240,,AG007,EX007,1500
B0550,Kawadi Satvekar Pindi,9901231243,,,,1500
B0551,U.L.N Upadhyaya,9901231234,9901231244,AG001,EX001,1500
B0552,B S Banashankari Devi M.,9901231235,,AG002,EX002,1500
B0553,Vageesh Acharya U,9901231236,,AG003,,1500
B0554,Arjun Kapikad,9901231237,,AG004,EX004,1500
B0555,Bangarappa Vedam,9901231238,,AG005,EX005,1500
B0556,Vageesh Acharya B,9901231239,,AG006,EX006,1500
B0557,Vinayaka R,9901231240,,AG007,EX007,1500
B0560,Kawadi Satvekar Pindi,9901231243,,,,1500
B0561,U.L.N Upadhyaya,9901231234,9901231244,AG001,EX001,1500
B0562,B S Banashankari Devi M.,9901231235,,AG002,EX002,1500
B0563,Vageesh Acharya U,9901231236,,AG003,,1500
B0564,Arjun Kapikad,9901231237,,AG004,EX004,1500
B0565,Bangarappa Vedam,9901231238,,AG005,EX005,1500
B0566,Vageesh Acharya B,9901231239,,AG006,EX006,1500
B0567,Vinayaka R,9901231240,,AG007,EX007,1500
B0570,Kawadi Satvekar Pindi,9901231243,,,,1500
B0571,U.L.N Upadhyaya,9901231234,9901231244,AG001,EX001,1500
B0572,B S Banashankari Devi M.,9901231235,,AG002,EX002,1500
B0573,Vageesh Acharya U,9901231236,,AG003,,1500
B0574,Arjun Kapikad,9901231237,,AG004,EX004,1500
B0575,Bangarappa Vedam,9901231238,,AG005,EX005,1500
B0576,Vageesh Acharya B,9901231239,,AG006,EX006,1500
B0577,Vinayaka R,9901231240,,AG007,EX007,1500
B0580,Kawadi Satvekar Pindi,9901231243,,,,1500
B0581,U.L.N Upadhyaya,9901231234,9901231244,AG001,EX001,1500
B0582,B S Banashankari Devi M.,9901231235,,AG002,EX002,1500
B0583,Vageesh Acharya U,9901231236,,AG003,,1500
B0584,Arjun Kapikad,9901231237,,AG004,EX004,1500
B0585,Bangarappa Vedam,9901231238,,AG005,EX005,1500
B0586,Vageesh Acharya B,9901231239,,AG006,EX006,1500
B0587,Vinayaka R,9901231240,,AG007,EX007,1500
B0590,Kawadi Satvekar Pindi,9901231243,,,,1500
B0591,U.L.N Upadhyaya,9901231234,9901231244,AG001,EX001,1500
B0592,B S Banashankari Devi M.,9901231235,,AG002,EX002,1500
B0593,Vageesh Acharya U,9901231236,,AG003,,1500
B0594,Arjun Kapikad,9901231237,,AG004,EX004,1500
B0595,Bangarappa Vedam,9901231238,,AG005,EX005,1500
B0596,Vageesh Acharya B,9901231239,,AG006,EX006,1500
B0597,Vinayaka R,9901231240,,AG007,EX007,1500
B0600,Kawadi Satvekar Pindi,9901231243,,,,1500
B0601,U.L.N Upadhyaya,9901231234,9901231244,AG001,EX001,1500
B0602,B S Banashankari Devi M.,9901231235,,AG002,EX002,1500
B0603,Vageesh Acharya U,9901231236,,AG003,,1500
B0604,Arjun Kapikad,9901231237,,AG004,EX004,1500
B0605,Bangarappa Vedam,9901231238,,AG005,EX005,1500
B0606,Vageesh Acharya B,9901231239,,AG006,EX006,1500
B0607,Vinayaka R,9901231240,,AG007,EX007,1500
B0610,Kawadi Satvekar Pindi,9901231243,,,,1500
B0611,U.L.N Upadhyaya,9901231234,9901231244,AG001,EX001,1500
B0612,B S Banashankari Devi M.,9901231235,,AG002,EX002,1500
B0613,Vageesh Acharya U,9901231236,,AG003,,1500
B0614,Arjun Kapikad,9901231237,,AG004,EX004,1500
B0615,Bangarappa Vedam,9901231238,,AG005,EX005,1500
B0616,Vageesh Acharya B,9901231239,,AG006,EX006,1500
B0617,Vinayaka R,9901231240,,AG007,EX007,1500
B0620,Kawadi Satvekar Pindi,9901231243,,,,1500
B0621,U.L.N Upadhyaya,9901231234,9901231244,AG001,EX001,1500
B0622,B S Banashankari Devi M.,9901231235,,AG002,EX002,1500
B0623,Vageesh Acharya U,9901231236,,AG003,,1500
B0624,Arjun Kapikad,9901231237,,AG004,EX004,1500
B0625,Bangarappa Vedam,9901231238,,AG005,EX005,1500
B0626,Vageesh Acharya B,9901231239,,AG006,EX006,1500
B0627,Vinayaka R,9901231240,,AG007,EX007,1500
B0630,Kawadi Satvekar Pindi,9901231243,,,,1500
B0631,U.L.N Upadhyaya,9901231234,9901231244,AG001,EX001,1500
B0632,B S Banashankari Devi M.,9901231235,,AG002,EX002,1500
B0633,Vageesh Acharya U,9901231236,,AG003,,1500
B0634,Arjun Kapikad,9901231237,,AG004,EX004,1500
B0635,Bangarappa Vedam,9901231238,,AG005,EX005,1500
B0636,Vageesh Acharya B,9901231239,,AG006,EX006,1500
B0637,Vinayaka R,9901231240,,AG007,EX007,1500
B0640,Kawadi Satvekar Pindi,9901231243,,,,1500
B0641,U.L.N Upadhyaya,9901231234,9901231244,AG001,EX001,1500
B0642,B S Banashankari Devi M.,9901231235,,AG002,EX002,1500
B0643,Vageesh Acharya U,9901231236,,AG003,,1500
B0644,Arjun Kapikad,9901231237,,AG004,EX004,1500
B0645,Bangarappa Vedam,9901231238,,AG005,EX005,1500
B0646,Vageesh Acharya B,9901231239,,AG006,EX006,1500
B0647,Vinayaka R,9901231240,,AG007,EX007,1500
B0650,Kawadi Satvekar Pindi,9901231243,,,,1500
B0651,U.L.N Upadhyaya,9901231234,9901231244,AG001,EX001,1500
B0652,B S Banashankari Devi M.,9901231235,,AG002,EX002,1500
B0653,Vageesh Acharya U,9901231236,,AG003,,1500
B0654,Arjun Kapikad,9901231237,,AG004,EX004,1500
B0655,Bangarappa Vedam,9901231238,,AG005,EX005,1500
B0656,Vageesh Acharya B,9901231239,,AG006,EX006,1500
B0657,Vinayaka R,9901231240,,AG007,EX007,1500
B0660,Kawadi Satvekar Pindi,9901231243,,,,1500
B0661,U.L.N Upadhyaya,9901231234,9901231244,AG001,EX001,1500
B0662,B S Banashankari Devi M.,9901231235,,AG002,EX002,1500
B0663,Vageesh Acharya U,9901231236,,AG003,,1500
B0664,Arjun Kapikad,9901231237,,AG004,EX004,1500
B0665,Bangarappa Vedam,9901231238,,AG005,EX005,1500
B0666,Vageesh Acharya B,9901231239,,AG006,EX006,1500
B0667,Vinayaka R,9901231240,,AG007,EX007,1500
B0670,Kawadi Satvekar Pindi,9901231243,,,,1500
B0671,U.L.N Upadhyaya,9901231234,9901231244,AG001,EX001,1500
B0672,B S Banashankari Devi M.,9901231235,,AG002,EX002,1500
B0673,Vageesh Acharya U,9901231236,,AG003,,1500
B0674,Arjun Kapikad,9901231237,,AG004,EX004,1500
B0675,Bangarappa Vedam,9901231238,,AG005,EX005,1500
B0676,Vageesh Acharya B,9901231239,,AG006,EX006,1500
B0677,Vinayaka R,9901231240,,AG007,EX007,1500
B0680,Kawadi Satvekar Pindi,9901231243,,,,1500
B0681,U.L.N Upadhyaya,9901231234,9901231244,AG001,EX001,1500
B0682,B S Banashankari Devi M.,9901231235,,AG002,EX002,1500
B0683,Vageesh Acharya U,9901231236,,AG003,,1500
B0684,Arjun Kapikad,9901231237,,AG004,EX004,1500
B0685,Bangarappa Vedam,9901231238,,AG005,EX005,1500
B0686,Vageesh Acharya B,9901231239,,AG006,EX006,1500
B0687,Vinayaka R,9901231240,,AG007,EX007,1500
B0690,Kawadi Satvekar Pindi,9901231243,,,,1500
B0691,U.L.N Upadhyaya,9901231234,9901231244,AG001,EX001,1500
B0692,B S Banashankari Devi M.,9901231235,,AG002,EX002,1500
B0693,Vageesh Acharya U,9901231236,,AG003,,1500
B0694,Arjun Kapikad,9901231237,,AG004,EX004,1500
B0695,Bangarappa Vedam,9901231238,,AG005,EX005,1500
B0696,Vageesh Acharya B,9901231239,,AG006,EX006,1500
B0697,Vinayaka R,9901231240,,AG007,EX007,1500
B0700,Kawadi Satvekar Pindi,9901231243,,,,1500
B0701,U.L.N Upadhyaya,9901231234,9901231244,AG001,EX001,1500
B0702,B S Banashankari Devi M.,9901231235,,AG002,EX002,1500
B0703,Vageesh Acharya U,9901231236,,AG003,,1500
B0704,Arjun Kapikad,9901231237,,AG004,EX004,1500
B0705,Bangarappa Vedam,9901231238,,AG005,EX005,1500
B0706,Vageesh Acharya B,9901231239,,AG006,EX006,1500
B0707,Vinayaka R,9901231240,,AG007,EX007,1500
B0710,Kawadi Satvekar Pindi,9901231243,,,,1500
B0711,U.L.N Upadhyaya,9901231234,9901231244,AG001,EX001,1500
B0712,B S Banashankari Devi M.,9901231235,,AG002,EX002,1500
B0713,Vageesh Acharya U,9901231236,,AG003,,1500
B0714,Arjun Kapikad,9901231237,,AG004,EX004,1500
B0715,Bangarappa Vedam,9901231238,,AG005,EX005,1500
B0716,Vageesh Acharya B,9901231239,,AG006,EX006,1500
B0717,Vinayaka R,9901231240,,AG007,EX007,1500
B0720,Kawadi Satvekar Pindi,9901231243,,,,1500
B0721,U.L.N Upadhyaya,9901231234,9901231244,AG001,EX001,1500
B0722,B S Banashankari Devi M.,9901231235,,AG002,EX002,1500
B0723,Vageesh Acharya U,9901231236,,AG003,,1500
B0724,Arjun Kapikad,9901231237,,AG004,EX004,1500
B0725,Bangarappa Vedam,9901231238,,AG005,EX005,1500
B0726,Vageesh Acharya B,9901231239,,AG006,EX006,1500
B0727,Vinayaka R,9901231240,,AG007,EX007,1500
B0730,Kawadi Satvekar Pindi,9901231243,,,,1500
B0731,U.L.N Upadhyaya,9901231234,9901231244,AG001,EX001,1500
B0732,B S Banashankari Devi M.,9901231235,,AG002,EX002,1500
B0733,Vageesh Acharya U,9901231236,,AG003,,1500
B0734,Arjun Kapikad,9901231237,,AG004,EX004,1500
B0735,Bangarappa Vedam,9901231238,,AG005,EX005,1500
B0736,Vageesh Acharya B,9901231239,,AG006,EX006,1500
B0737,Vinayaka R,9901231240,,AG007,EX007,1500
B0740,Kawadi Satvekar Pindi,9901231243,,,,1500
B0741,U.L.N Upadhyaya,9901231234,9901231244,AG001,EX001,1500
B0742,B S Banashankari Devi M.,9901231235,,AG002,EX002,1500
B0743,Vageesh Acharya U,9901231236,,AG003,,1500
B0744,Arjun Kapikad,9901231237,,AG004,EX004,1500
B0745,Bangarappa Vedam,9901231238,,AG005,EX005,1500
B0746,Vageesh Acharya B,9901231239,,AG006,EX006,1500
B0747,Vinayaka R,9901231240,,AG007,EX007,1500
B0750,Kawadi Satvekar Pindi,9901231243,,,,1500
B0751,U.L.N Upadhyaya,9901231234,9901231244,AG001,EX001,1500
B0752,B S Banashankari Devi M.,9901231235,,AG002,EX002,1500
B0753,Vageesh Acharya U,9901231236,,AG003,,1500
B0754,Arjun Kapikad,9901231237,,AG004,EX004,1500
B0755,Bangarappa Vedam,9901231238,,AG005,EX005,1500
B0756,Vageesh Acharya B,9901231239,,AG006,EX006,1500
B0757,Vinayaka R,9901231240,,AG007,EX007,1500
B0760,Kawadi Satvekar Pindi,9901231243,,,,1500
B0761,U.L.N Upadhyaya,9901231234,9901231244,AG001,EX001,1500
B0762,B S Banashankari Devi M.,9901231235,,AG002,EX002,1500
B0763,Vageesh Acharya U,9901231236,,AG003,,1500
B0764,Arjun Kapikad,9901231237,,AG004,EX004,1500
B0765,Bangarappa Vedam,9901231238,,AG005,EX005,1500
B0766,Vageesh Acharya B,9901231239,,AG006,EX006,1500
B0767,Vinayaka R,9901231240,,AG007,EX007,1500
B0770,Kawadi Satvekar Pindi,9901231243,,,,1500
B0771,U.L.N Upadhyaya,9901231234,9901231244,AG001,EX001,1500
B0772,B S Banashankari Devi M.,9901231235,,AG002,EX002,1500
B0773,Vageesh Acharya U,9901231236,,AG003,,1500
B0774,Arjun Kapikad,9901231237,,AG004,EX004,1500
B0775,Bangarappa Vedam,9901231238,,AG005,EX005,1500
B0776,Vageesh Acharya B,9901231239,,AG006,EX006,1500
B0777,Vinayaka R,9901231240,,AG007,EX007,1500
B0780,Kawadi Satvekar Pindi,9901231243,,,,1500
B0781,U.L.N Upadhyaya,9901231234,9901231244,AG001,EX001,1500
B0782,B S Banashankari Devi M.,9901231235,,AG002,EX002,1500
B0783,Vageesh Acharya U,9901231236,,AG003,,1500
B0784,Arjun Kapikad,9901231237,,AG004,EX004,1500
B0785,Bangarappa Vedam,9901231238,,AG005,EX005,1500
B0786,Vageesh Acharya B,9901231239,,AG006,EX006,1500
B0787,Vinayaka R,9901231240,,AG007,EX007,1500
B0790,Kawadi Satvekar Pindi,9901231243,,,,1500
B0791,U.L.N Upadhyaya,9901231234,9901231244,AG001,EX001,1500
B0792,B S Banashankari Devi M.,9901231235,,AG002,EX002,1500
B0793,Vageesh Acharya U,9901231236,,AG003,,1500
B0794,Arjun Kapikad,9901231237,,AG004,EX004,1500
B0795,Bangarappa Vedam,9901231238,,AG005,EX005,1500
B0796,Vageesh Acharya B,9901231239,,AG006,EX006,1500
B0797,Vinayaka R,9901231240,,AG007,EX007,1500
B0800,Kawadi Satvekar Pindi,9901231243,,,,1500
B0801,U.L.N Upadhyaya,9901231234,9901231244,AG001,EX001,1500
B0802,B S Banashankari Devi M.,9901231235,,AG002,EX002,1500
B0803,Vageesh Acharya U,9901231236,,AG003,,1500
B0804,Arjun Kapikad,9901231237,,AG004,EX004,1500
B0805,Bangarappa Vedam,9901231238,,AG005,EX005,1500
B0806,Vageesh Acharya B,9901231239,,AG006,EX006,1500
B0807,Vinayaka R,9901231240,,AG007,EX007,1500
B0810,Kawadi Satvekar Pindi,9901231243,,,,1500
B0811,U.L.N Upadhyaya,9901231234,9901231244,AG001,EX001,1500
B0812,B S Banashankari Devi M.,9901231235,,AG002,EX002,1500
B0813,Vageesh Acharya U,9901231236,,AG003,,1500
B0814,Arjun Kapikad,9901231237,,AG004,EX004,1500
B0815,Bangarappa Vedam,9901231238,,AG005,EX005,1500
B0816,Vageesh Acharya B,9901231239,,AG006,EX006,1500
B0817,Vinayaka R,9901231240,,AG007,EX007,1500
B0820,Kawadi Satvekar Pindi,9901231243,,,,1500
B0821,U.L.N Upadhyaya,9901231234,9901231244,AG001,EX001,1500
B0822,B S Banashankari Devi M.,9901231235,,AG002,EX002,1500
B0823,Vageesh Acharya U,9901231236,,AG003,,1500
B0824,Arjun Kapikad,9901231237,,AG004,EX004,1500
B0825,Bangarappa Vedam,9901231238,,AG005,EX005,1500
B0826,Vageesh Acharya B,9901231239,,AG006,EX006,1500
B0827,Vinayaka R,9901231240,,AG007,EX007,1500
B0830,Kawadi Satvekar Pindi,9901231243,,,,1500
B0831,U.L.N Upadhyaya,9901231234,9901231244,AG001,EX001,1500
B0832,B S Banashankari Devi M.,9901231235,,AG002,EX002,1500
B0833,Vageesh Acharya U,9901231236,,AG003,,1500
B0834,Arjun Kapikad,9901231237,,AG004,EX004,1500
B0835,Bangarappa Vedam,9901231238,,AG005,EX005,1500
B0836,Vageesh Acharya B,9901231239,,AG006,EX006,1500
B0837,Vinayaka R,9901231240,,AG007,EX007,1500
B0840,Kawadi Satvekar Pindi,9901231243,,,,1500
B0841,U.L.N Upadhyaya,9901231234,9901231244,AG001,EX001,1500
B0842,B S Banashankari Devi M.,9901231235,,AG002,EX002,1500
B0843,Vageesh Acharya U,9901231236,,AG003,,1500
B0844,Arjun Kapikad,9901231237,,AG004,EX004,1500
B0845,Bangarappa Vedam,9901231238,,AG005,EX005,1500
B0846,Vageesh Acharya B,9901231239,,AG006,EX006,1500
B0847,Vinayaka R,9901231240,,AG007,EX007,1500
B0850,Kawadi Satvekar Pindi,9901231243,,,,1500
B0851,U.L.N Upadhyaya,9901231234,9901231244,AG001,EX001,1500
B0852,B S Banashankari Devi M.,9901231235,,AG002,EX002,1500
B0853,Vageesh Acharya U,9901231236,,AG003,,1500
B0854,Arjun Kapikad,9901231237,,AG004,EX004,1500
B0855,Bangarappa Vedam,9901231238,,AG005,EX005,1500
B0856,Vageesh Acharya B,9901231239,,AG006,EX006,1500
B0857,Vinayaka R,9901231240,,AG007,EX007,1500
B0860,Kawadi Satvekar Pindi,9901231243,,,,1500
B0861,U.L.N Upadhyaya,9901231234,9901231244,AG001,EX001,1500
B0862,B S Banashankari Devi M.,9901231235,,AG002,EX002,1500
B0863,Vageesh Acharya U,9901231236,,AG003,,1500
B0864,Arjun Kapikad,9901231237,,AG004,EX004,1500
B0865,Bangarappa Vedam,9901231238,,AG005,EX005,1500
B0866,Vageesh Acharya B,9901231239,,AG006,EX006,1500
B0867,Vinayaka R,9901231240,,AG007,EX007,1500
B0870,Kawadi Satvekar Pindi,9901231243,,,,1500
B0871,U.L.N Upadhyaya,9901231234,9901231244,AG001,EX001,1500
B0872,B S Banashankari Devi M.,9901231235,,AG002,EX002,1500
B0873,Vageesh Acharya U,9901231236,,AG003,,1500
B0874,Arjun Kapikad,9901231237,,AG004,EX004,1500
B0875,Bangarappa Vedam,9901231238,,AG005,EX005,1500
B0876,Vageesh Acharya B,9901231239,,AG006,EX006,1500
B0877,Vinayaka R,9901231240,,AG007,EX007,1500
B0880,Kawadi Satvekar Pindi,9901231243,,,,1500
B0881,U.L.N Upadhyaya,9901231234,9901231244,AG001,EX001,1500
B0882,B S Banashankari Devi M.,9901231235,,AG002,EX002,1500
B0883,Vageesh Acharya U,9901231236,,AG003,,1500
B0884,Arjun Kapikad,9901231237,,AG004,EX004,1500
B0885,Bangarappa Vedam,9901231238,,AG005,EX005,1500
B0886,Vageesh Acharya B,9901231239,,AG006,EX006,1500
B0887,Vinayaka R,9901231240,,AG007,EX007,1500
B0890,Kawadi Satvekar Pindi,9901231243,,,,1500
B0891,U.L.N Upadhyaya,9901231234,9901231244,AG001,EX001,1500
B0892,B S Banashankari Devi M.,9901231235,,AG002,EX002,1500
B0893,Vageesh Acharya U,9901231236,,AG003,,1500
B0894,Arjun Kapikad,9901231237,,AG004,EX004,1500
B0895,Bangarappa Vedam,9901231238,,AG005,EX005,1500
B0896,Vageesh Acharya B,9901231239,,AG006,EX006,1500
B0897,Vinayaka R,9901231240,,AG007,EX007,1500
B0900,Kawadi Satvekar Pindi,9901231243,,,,1500
B0901,U.L.N Upadhyaya,9901231234,9901231244,AG001,EX001,1500
B0902,B S Banashankari Devi M.,9901231235,,AG002,EX002,1500
B0903,Vageesh Acharya U,9901231236,,AG003,,1500
B0904,Arjun Kapikad,9901231237,,AG004,EX004,1500
B0905,Bangarappa Vedam,9901231238,,AG005,EX005,1500
B0906,Vageesh Acharya B,9901231239,,AG006,EX006,1500
B0907,Vinayaka R,9901231240,,AG007,EX007,1500
B0910,Kawadi Satvekar Pindi,9901231243,,,,1500
B0911,U.L.N Upadhyaya,9901231234,9901231244,AG001,EX001,1500
B0912,B S Banashankari Devi M.,9901231235,,AG002,EX002,1500
B0913,Vageesh Acharya U,9901231236,,AG003,,1500
B0914,Arjun Kapikad,9901231237,,AG004,EX004,1500
B0915,Bangarappa Vedam,9901231238,,AG005,EX005,1500
B0916,Vageesh Acharya B,9901231239,,AG006,EX006,1500
B0917,Vinayaka R,9901231240,,AG007,EX007,1500
B0920,Kawadi Satvekar Pindi,9901231243,,,,1500
B0921,U.L.N Upadhyaya,9901231234,9901231244,AG001,EX001,1500
B0922,B S Banashankari Devi M.,9901231235,,AG002,EX002,1500
B0923,Vageesh Acharya U,9901231236,,AG003,,1500
B0924,Arjun Kapikad,9901231237,,AG004,EX004,1500
B0925,Bangarappa Vedam,9901231238,,AG005,EX005,1500
B0926,Vageesh Acharya B,9901231239,,AG006,EX006,1500
B0927,Vinayaka R,9901231240,,AG007,EX007,1500
B0930,Kawadi Satvekar Pindi,9901231243,,,,1500
B0931,U.L.N Upadhyaya,9901231234,9901231244,AG001,EX001,1500
B0932,B S Banashankari Devi M.,9901231235,,AG002,EX002,1500
B0933,Vageesh Acharya U,9901231236,,AG003,,1500
B0934,Arjun Kapikad,9901231237,,AG004,EX004,1500
B0935,Bangarappa Vedam,9901231238,,AG005,EX005,1500
B0936,Vageesh Acharya B,9901231239,,AG006,EX006,1500
B0937,Vinayaka R,9901231240,,AG007,EX007,1500
B0940,Kawadi Satvekar Pindi,9901231243,,,,1500
B0941,U.L.N Upadhyaya,9901231234,9901231244,AG001,EX001,1500
B0942,B S Banashankari Devi M.,9901231235,,AG002,EX002,1500
B0943,Vageesh Acharya U,9901231236,,AG003,,1500
B0944,Arjun Kapikad,9901231237,,AG004,EX004,1500
B0945,Bangarappa Vedam,9901231238,,AG005,EX005,1500
B0946,Vageesh Acharya B,9901231239,,AG006,EX006,1500
B0947,Vinayaka R,9901231240,,AG007,EX007,1500
B0950,Kawadi Satvekar Pindi,9901231243,,,,1500
B0951,U.L.N Upadhyaya,9901231234,9901231244,AG001,EX001,1500
B0952,B S Banashankari Devi M.,9901231235,,AG002,EX002,1500
B0953,Vageesh Acharya U,9901231236,,AG003,,1500
B0954,Arjun Kapikad,9901231237,,AG004,EX004,1500
B0955,Bangarappa Vedam,9901231238,,AG005,EX005,1500
B0956,Vageesh Acharya B,9901231239,,AG006,EX006,1500
B0957,Vinayaka R,9901231240,,AG007,EX007,1500
B0960,Kawadi Satvekar Pindi,9901231243,,,,1500
B0961,U.L.N Upadhyaya,9901231234,9901231244,AG001,EX001,1500
B0962,B S Banashankari Devi M.,9901231235,,AG002,EX002,1500
B0963,Vageesh Acharya U,9901231236,,AG003,,1500
B0964,Arjun Kapikad,9901231237,,AG004,EX004,1500
B0965,Bangarappa Vedam,9901231238,,AG005,EX005,1500
B0966,Vageesh Acharya B,9901231239,,AG006,EX006,1500
B0967,Vinayaka R,9901231240,,AG007,EX007,1500
B0970,Kawadi Satvekar Pindi,9901231243,,,,1500
B0971,U.L.N Upadhyaya,9901231234,9901231244,AG001,EX001,1500
B0972,B S Banashankari Devi M.,9901231235,,AG002,EX002,1500
B0973,Vageesh Acharya U,9901231236,,AG003,,1500
B0974,Arjun Kapikad,9901231237,,AG004,EX004,1500
B0975,Bangarappa Vedam,9901231238,,AG005,EX005,1500
B0976,Vageesh Acharya B,9901231239,,AG006,EX006,1500
B0977,Vinayaka R,9901231240,,AG007,EX007,1500
B0980,Kawadi Satvekar Pindi,9901231243,,,,1500
B0981,U.L.N Upadhyaya,9901231234,9901231244,AG001,EX001,1500
B0982,B S Banashankari Devi M.,9901231235,,AG002,EX002,1500
B0983,Vageesh Acharya U,9901231236,,AG003,,1500
B0984,Arjun Kapikad,9901231237,,AG004,EX004,1500
B0985,Bangarappa Vedam,9901231238,,AG005,EX005,1500
B0986,Vageesh Acharya B,9901231239,,AG006,EX006,1500
B0987,Vinayaka R,9901231240,,AG007,EX007,1500
B0990,Kawadi Satvekar Pindi,9901231243,,,,1500
B0991,U.L.N Upadhyaya,9901231234,9901231244,AG001,EX001,1500
B0992,B S Banashankari Devi M.,9901231235,,AG002,EX002,1500
B0993,Vageesh Acharya U,9901231236,,AG003,,1500
B0994,Arjun Kapikad,9901231237,,AG004,EX004,1500
B0995,Bangarappa Vedam,9901231238,,AG005,EX005,1500
B0996,Vageesh Acharya B,9901231239,,AG006,EX006,1500
B0997,Vinayaka R,9901231240,,AG007,EX007,1500
B1000,Kawadi Satvekar Pindi,9901231243,,,,1500
B1001,U.L.N Upadhyaya,9901231234,9901231244,AG001,EX001,1500
B1002,B S Banashankari Devi M.,9901231235,,AG002,EX002,1500
B1003,Vageesh Acharya U,9901231236,,AG003,,1500
B1004,Arjun Kapikad,9901231237,,AG004,EX004,1500
B1005,Bangarappa Vedam,9901231238,,AG005,EX005,1500
B1006,Vageesh Acharya B,9901231239,,AG006,EX006,1500
B1007,Vinayaka R,9901231240,,AG007,EX007,1500
B1010,Kawadi Satvekar Pindi,9901231243,,,,1500
B1011,U.L.N Upadhyaya,9901231234,9901231244,AG001,EX001,1500
B1012,B S Banashankari Devi M.,9901231235,,AG002,EX002,1500
B1013,Vageesh Acharya U,9901231236,,AG003,,1500
B1014,Arjun Kapikad,9901231237,,AG004,EX004,1500
B1015,Bangarappa Vedam,9901231238,,AG005,EX005,1500
B1016,Vageesh Acharya B,9901231239,,AG006,EX006,1500
B1017,Vinayaka R,9901231240,,AG007,EX007,1500
B1020,Kawadi Satvekar Pindi,9901231243,,,,1500
B1021,U.L.N Upadhyaya,9901231234,9901231244,AG001,EX001,1500
B1022,B S Banashankari Devi M.,9901231235,,AG002,EX002,1500
B1023,Vageesh Acharya U,9901231236,,AG003,,1500
B1024,Arjun Kapikad,9901231237,,AG004,EX004,1500
B1025,Bangarappa Vedam,9901231238,,AG005,EX005,1500
B1026,Vageesh Acharya B,9901231239,,AG006,EX006,1500
B1027,Vinayaka R,9901231240,,AG007,EX007,1500
B1030,Kawadi Satvekar Pindi,9901231243,,,,1500
B1031,U.L.N Upadhyaya,9901231234,9901231244,AG001,EX001,1500
B1032,B S Banashankari Devi M.,9901231235,,AG002,EX002,1500
B1033,Vageesh Acharya U,9901231236,,AG003,,1500
B1034,Arjun Kapikad,9901231237,,AG004,EX004,1500
B1035,Bangarappa Vedam,9901231238,,AG005,EX005,1500
B1036,Vageesh Acharya B,9901231239,,AG006,EX006,1500
B1037,Vinayaka R,9901231240,,AG007,EX007,1500
B1040,Kawadi Satvekar Pindi,9901231243,,,,1500
B1041,U.L.N Upadhyaya,9901231234,9901231244,AG001,EX001,1500
B1042,B S Banashankari Devi M.,9901231235,,AG002,EX002,1500
B1043,Vageesh Acharya U,9901231236,,AG003,,1500
B1044,Arjun Kapikad,9901231237,,AG004,EX004,1500
B1045,Bangarappa Vedam,9901231238,,AG005,EX005,1500
B1046,Vageesh Acharya B,9901231239,,AG006,EX006,1500
B1047,Vinayaka R,9901231240,,AG007,EX007,1500
B1050,Kawadi Satvekar Pindi,9901231243,,,,1500
B1051,U.L.N Upadhyaya,9901231234,9901231244,AG001,EX001,1500
B1052,B S Banashankari Devi M.,9901231235,,AG002,EX002,1500
B1053,Vageesh Acharya U,9901231236,,AG003,,1500
B1054,Arjun Kapikad,9901231237,,AG004,EX004,1500
B1055,Bangarappa Vedam,9901231238,,AG005,EX005,1500
B1056,Vageesh Acharya B,9901231239,,AG006,EX006,1500
B1057,Vinayaka R,9901231240,,AG007,EX007,1500
B1060,Kawadi Satvekar Pindi,9901231243,,,,1500
B1061,U.L.N Upadhyaya,9901231234,9901231244,AG001,EX001,1500
B1062,B S Banashankari Devi M.,9901231235,,AG002,EX002,1500
B1063,Vageesh Acharya U,9901231236,,AG003,,1500
B1064,Arjun Kapikad,9901231237,,AG004,EX004,1500
B1065,Bangarappa Vedam,9901231238,,AG005,EX005,1500
B1066,Vageesh Acharya B,9901231239,,AG006,EX006,1500
B1067,Vinayaka R,9901231240,,AG007,EX007,1500
B1070,Kawadi Satvekar Pindi,9901231243,,,,1500
B1071,U.L.N Upadhyaya,9901231234,9901231244,AG001,EX001,1500
B1072,B S Banashankari Devi M.,9901231235,,AG002,EX002,1500
B1073,Vageesh Acharya U,9901231236,,AG003,,1500
B1074,Arjun Kapikad,9901231237,,AG004,EX004,1500
B1075,Bangarappa Vedam,9901231238,,AG005,EX005,1500
B1076,Vageesh Acharya B,9901231239,,AG006,EX006,1500
B1077,Vinayaka R,9901231240,,AG007,EX007,1500
B1080,Kawadi Satvekar Pindi,9901231243,,,,1500
B1081,U.L.N Upadhyaya,9901231234,9901231244,AG001,EX001,1500
B1082,B S Banashankari Devi M.,9901231235,,AG002,EX002,1500
B1083,Vageesh Acharya U,9901231236,,AG003,,1500
B1084,Arjun Kapikad,9901231237,,AG004,EX004,1500
B1085,Bangarappa Vedam,9901231238,,AG005,EX005,1500
B1086,Vageesh Acharya B,9901231239,,AG006,EX006,1500
B1087,Vinayaka R,9901231240,,AG007,EX007,1500
B1090,Kawadi Satvekar Pindi,9901231243,,,,1500
B1091,U.L.N Upadhyaya,9901231234,9901231244,AG001,EX001,1500
B1092,B S Banashankari Devi M.,9901231235,,AG002,EX002,1500
B1093,Vageesh Acharya U,9901231236,,AG003,,1500
B1094,Arjun Kapikad,9901231237,,AG004,EX004,1500
B1095,Bangarappa Vedam,9901231238,,AG005,EX005,1500
B1096,Vageesh Acharya B,9901231239,,AG006,EX006,1500
B1097,Vinayaka R,9901231240,,AG007,EX007,1500
B1100,Kawadi Satvekar Pindi,9901231243,,,,1500
B1101,U.L.N Upadhyaya,9901231234,9901231244,AG001,EX001,1500
B1102,B S Banashankari Devi M.,9901231235,,AG002,EX002,1500
B1103,Vageesh Acharya U,9901231236,,AG003,,1500
B1104,Arjun Kapikad,9901231237,,AG004,EX004,1500
B1105,Bangarappa Vedam,9901231238,,AG005,EX005,1500
B1106,Vageesh Acharya B,9901231239,,AG006,EX006,1500
B1107,Vinayaka R,9901231240,,AG007,EX007,1500
B1110,Kawadi Satvekar Pindi,9901231243,,,,1500
B1111,U.L.N Upadhyaya,9901231234,9901231244,AG001,EX001,1500
B1112,B S Banashankari Devi M.,9901231235,,AG002,EX002,1500
B1113,Vageesh Acharya U,9901231236,,AG003,,1500
B1114,Arjun Kapikad,9901231237,,AG004,EX004,1500
B1115,Bangarappa Vedam,9901231238,,AG005,EX005,1500
B1116,Vageesh Acharya B,9901231239,,AG006,EX006,1500
B1117,Vinayaka R,9901231240,,AG007,EX007,1500
B1120,Kawadi Satvekar Pindi,9901231243,,,,1500
B1121,U.L.N Upadhyaya,9901231234,9901231244,AG001,EX001,1500
B1122,B S Banashankari Devi M.,9901231235,,AG002,EX002,1500
B1123,Vageesh Acharya U,9901231236,,AG003,,1500
B1124,Arjun Kapikad,9901231237,,AG004,EX004,1500
B1125,Bangarappa Vedam,9901231238,,AG005,EX005,1500
B1126,Vageesh Acharya B,9901231239,,AG006,EX006,1500
B1127,Vinayaka R,9901231240,,AG007,EX007,1500
B1130,Kawadi Satvekar Pindi,9901231243,,,,1500
B1131,U.L.N Upadhyaya,9901231234,9901231244,AG001,EX001,1500
B1132,B S Banashankari Devi M.,9901231235,,AG002,EX002,1500
B1133,Vageesh Acharya U,9901231236,,AG003,,1500
B1134,Arjun Kapikad,9901231237,,AG004,EX004,1500
B1135,Bangarappa Vedam,9901231238,,AG005,EX005,1500
B1136,Vageesh Acharya B,9901231239,,AG006,EX006,1500
B1137,Vinayaka R,9901231240,,AG007,EX007,1500
B1140,Kawadi Satvekar Pindi,9901231243,,,,1500
B1141,U.L.N Upadhyaya,9901231234,9901231244,AG001,EX001,1500
B1142,B S Banashankari Devi M.,9901231235,,AG002,EX002,1500
B1143,Vageesh Acharya U,9901231236,,AG003,,1500
B1144,Arjun Kapikad,9901231237,,AG004,EX004,1500
B1145,Bangarappa Vedam,9901231238,,AG005,EX005,1500
B1146,Vageesh Acharya B,9901231239,,AG006,EX006,1500
B1147,Vinayaka R,9901231240,,AG007,EX007,1500
B1150,Kawadi Satvekar Pindi,9901231243,,,,1500
B1151,U.L.N Upadhyaya,9901231234,9901231244,AG001,EX001,1500
B1152,B S Banashankari Devi M.,9901231235,,AG002,EX002,1500
B1153,Vageesh Acharya U,9901231236,,AG003,,1500
B1154,Arjun Kapikad,9901231237,,AG004,EX004,1500
B1155,Bangarappa Vedam,9901231238,,AG005,EX005,1500
B1156,Vageesh Acharya B,9901231239,,AG006,EX006,1500
B1157,Vinayaka R,9901231240,,AG007,EX007,1500
B1160,Kawadi Satvekar Pindi,9901231243,,,,1500
B1161,U.L.N Upadhyaya,9901231234,9901231244,AG001,EX001,1500
B1162,B S Banashankari Devi M.,9901231235,,AG002,EX002,1500
B1163,Vageesh Acharya U,9901231236,,AG003,,1500
B1164,Arjun Kapikad,9901231237,,AG004,EX004,1500
B1165,Bangarappa Vedam,9901231238,,AG005,EX005,1500
B1166,Vageesh Acharya B,9901231239,,AG006,EX006,1500
B1167,Vinayaka R,9901231240,,AG007,EX007,1500
B1170,Kawadi Satvekar Pindi,9901231243,,,,1500
B1171,U.L.N Upadhyaya,9901231234,9901231244,AG001,EX001,1500
B1172,B S Banashankari Devi M.,9901231235,,AG002,EX002,1500
B1173,Vageesh Acharya U,9901231236,,AG003,,1500
B1174,Arjun Kapikad,9901231237,,AG004,EX004,1500
B1175,Bangarappa Vedam,9901231238,,AG005,EX005,1500
B1176,Vageesh Acharya B,9901231239,,AG006,EX006,1500
B1177,Vinayaka R,9901231240,,AG007,EX007,1500
B1180,Kawadi Satvekar Pindi,9901231243,,,,1500
B1181,U.L.N Upadhyaya,9901231234,9901231244,AG001,EX001,1500
B1182,B S Banashankari Devi M.,9901231235,,AG002,EX002,1500
B1183,Vageesh Acharya U,9901231236,,AG003,,1500
B1184,Arjun Kapikad,9901231237,,AG004,EX004,1500
B1185,Bangarappa Vedam,9901231238,,AG005,EX005,1500
B1186,Vageesh Acharya B,9901231239,,AG006,EX006,1500
B1187,Vinayaka R,9901231240,,AG007,EX007,1500
B1190,Kawadi Satvekar Pindi,9901231243,,,,1500
B1191,U.L.N Upadhyaya,9901231234,9901231244,AG001,EX001,1500
B1192,B S Banashankari Devi M.,9901231235,,AG002,EX002,1500
B1193,Vageesh Acharya U,9901231236,,AG003,,1500
B1194,Arjun Kapikad,9901231237,,AG004,EX004,1500
B1195,Bangarappa Vedam,9901231238,,AG005,EX005,1500
B1196,Vageesh Acharya B,9901231239,,AG006,EX006,1500
B1197,Vinayaka R,9901231240,,AG007,EX007,1500
B1200,Kawadi Satvekar Pindi,9901231243,,,,1500
B1201,Kawadi Satvekar Pindi,9901231243,,,,1500
B1202,U.L.N Upadhyaya,9901231234,9901231244,AG001,EX001,1500
B1203,B S Banashankari Devi M.,9901231235,,AG002,EX002,1500
B1204,Vageesh Acharya U,9901231236,,AG003,,1500
B1205,Arjun Kapikad,9901231237,,AG004,EX004,1500
B1206,Bangarappa Vedam,9901231238,,AG005,EX005,1500
B1207,Vageesh Acharya B,9901231239,,AG006,EX006,1500
B1208,Vinayaka R,9901231240,,AG007,EX007,1500
B1211,Kawadi Satvekar Pindi,9901231243,,,,1500
B1212,U.L.N Upadhyaya,9901231234,9901231244,AG001,EX001,1500
B1213,B S Banashankari Devi M.,9901231235,,AG002,EX002,1500
B1214,Vageesh Acharya U,9901231236,,AG003,,1500
B1215,Arjun Kapikad,9901231237,,AG004,EX004,1500
B1216,Bangarappa Vedam,9901231238,,AG005,EX005,1500
B1217,Vageesh Acharya B,9901231239,,AG006,EX006,1500
B1218,Vinayaka R,9901231240,,AG007,EX007,1500
B1221,Kawadi Satvekar Pindi,9901231243,,,,1500
B1222,U.L.N Upadhyaya,9901231234,9901231244,AG001,EX001,1500
B1223,B S Banashankari Devi M.,9901231235,,AG002,EX002,1500
B1224,Vageesh Acharya U,9901231236,,AG003,,1500
B1225,Arjun Kapikad,9901231237,,AG004,EX004,1500
B1226,Bangarappa Vedam,9901231238,,AG005,EX005,1500
B1227,Vageesh Acharya B,9901231239,,AG006,EX006,1500
B1228,Vinayaka R,9901231240,,AG007,EX007,1500
B1231,Kawadi Satvekar Pindi,9901231243,,,,1500
B1232,U.L.N Upadhyaya,9901231234,9901231244,AG001,EX001,1500
B1233,B S Banashankari Devi M.,9901231235,,AG002,EX002,1500
B1234,Vageesh Acharya U,9901231236,,AG003,,1500
B1235,Arjun Kapikad,9901231237,,AG004,EX004,1500
B1236,Bangarappa Vedam,9901231238,,AG005,EX005,1500
B1237,Vageesh Acharya B,9901231239,,AG006,EX006,1500
B1238,Vinayaka R,9901231240,,AG007,EX007,1500
B1241,Kawadi Satvekar Pindi,9901231243,,,,1500
B1242,U.L.N Upadhyaya,9901231234,9901231244,AG001,EX001,1500
B1243,B S Banashankari Devi M.,9901231235,,AG002,EX002,1500
B1244,Vageesh Acharya U,9901231236,,AG003,,1500
B1245,Arjun Kapikad,9901231237,,AG004,EX004,1500
B1246,Bangarappa Vedam,9901231238,,AG005,EX005,1500
B1247,Vageesh Acharya B,9901231239,,AG006,EX006,1500
B1248,Vinayaka R,9901231240,,AG007,EX007,1500
B1251,Kawadi Satvekar Pindi,9901231243,,,,1500
B1252,U.L.N Upadhyaya,9901231234,9901231244,AG001,EX001,1500
B1253,B S Banashankari Devi M.,9901231235,,AG002,EX002,1500
B1254,Vageesh Acharya U,9901231236,,AG003,,1500
B1255,Arjun Kapikad,9901231237,,AG004,EX004,1500
B1256,Bangarappa Vedam,9901231238,,AG005,EX005,1500
B1257,Vageesh Acharya B,9901231239,,AG006,EX006,1500
B1258,Vinayaka R,9901231240,,AG007,EX007,1500
B1261,Kawadi Satvekar Pindi,9901231243,,,,1500
B1262,U.L.N Upadhyaya,9901231234,9901231244,AG001,EX001,1500
B1263,B S Banashankari Devi M.,9901231235,,AG002,EX002,1500
B1264,Vageesh Acharya U,9901231236,,AG003,,1500
B1265,Arjun Kapikad,9901231237,,AG004,EX004,1500
B1266,Bangarappa Vedam,9901231238,,AG005,EX005,1500
B1267,Vageesh Acharya B,9901231239,,AG006,EX006,1500
B1268,Vinayaka R,9901231240,,AG007,EX007,1500
B1271,Kawadi Satvekar Pindi,9901231243,,,,1500
B1272,U.L.N Upadhyaya,9901231234,9901231244,AG001,EX001,1500
B1273,B S Banashankari Devi M.,9901231235,,AG002,EX002,1500
B1274,Vageesh Acharya U,9901231236,,AG003,,1500
B1275,Arjun Kapikad,9901231237,,AG004,EX004,1500
B1276,Bangarappa Vedam,9901231238,,AG005,EX005,1500
B1277,Vageesh Acharya B,9901231239,,AG006,EX006,1500
B1278,Vinayaka R,9901231240,,AG007,EX007,1500
B1281,Kawadi Satvekar Pindi,9901231243,,,,1500
B1282,U.L.N Upadhyaya,9901231234,9901231244,AG001,EX001,1500
B1283,B S Banashankari Devi M.,9901231235,,AG002,EX002,1500
B1284,Vageesh Acharya U,9901231236,,AG003,,1500
B1285,Arjun Kapikad,9901231237,,AG004,EX004,1500
B1286,Bangarappa Vedam,9901231238,,AG005,EX005,1500
B1287,Vageesh Acharya B,9901231239,,AG006,EX006,1500
B1288,Vinayaka R,9901231240,,AG007,EX007,1500
B1291,Kawadi Satvekar Pindi,9901231243,,,,1500
B1292,U.L.N Upadhyaya,9901231234,9901231244,AG001,EX001,1500
B1293,B S Banashankari Devi M.,9901231235,,AG002,EX002,1500
B1294,Vageesh Acharya U,9901231236,,AG003,,1500
B1295,Arjun Kapikad,9901231237,,AG004,EX004,1500
B1296,Bangarappa Vedam,9901231238,,AG005,EX005,1500
B1297,Vageesh Acharya B,9901231239,,AG006,EX006,1500
B1298,Vinayaka R,9901231240,,AG007,EX007,1500
B1301,Kawadi Satvekar Pindi,9901231243,,,,1500
B1302,U.L.N Upadhyaya,9901231234,9901231244,AG001,EX001,1500
B1303,B S Banashankari Devi M.,9901231235,,AG002,EX002,1500
B1304,Vageesh Acharya U,9901231236,,AG003,,1500
B1305,Arjun Kapikad,9901231237,,AG004,EX004,1500
B1306,Bangarappa Vedam,9901231238,,AG005,EX005,1500
B1307,Vageesh Acharya B,9901231239,,AG006,EX006,1500
B1308,Vinayaka R,9901231240,,AG007,EX007,1500
B1311,Kawadi Satvekar Pindi,9901231243,,,,1500
B1312,U.L.N Upadhyaya,9901231234,9901231244,AG001,EX001,1500
B1313,B S Banashankari Devi M.,9901231235,,AG002,EX002,1500
B1314,Vageesh Acharya U,9901231236,,AG003,,1500
B1315,Arjun Kapikad,9901231237,,AG004,EX004,1500
B1316,Bangarappa Vedam,9901231238,,AG005,EX005,1500
B1317,Vageesh Acharya B,9901231239,,AG006,EX006,1500
B1318,Vinayaka R,9901231240,,AG007,EX007,1500
B1321,Kawadi Satvekar Pindi,9901231243,,,,1500
B1322,U.L.N Upadhyaya,9901231234,9901231244,AG001,EX001,1500
B1323,B S Banashankari Devi M.,9901231235,,AG002,EX002,1500
B1324,Vageesh Acharya U,9901231236,,AG003,,1500
B1325,Arjun Kapikad,9901231237,,AG004,EX004,1500
B1326,Bangarappa Vedam,9901231238,,AG005,EX005,1500
B1327,Vageesh Acharya B,9901231239,,AG006,EX006,1500
B1328,Vinayaka R,9901231240,,AG007,EX007,1500
B1331,Kawadi Satvekar Pindi,9901231243,,,,1500
B1332,U.L.N Upadhyaya,9901231234,9901231244,AG001,EX001,1500
B1333,B S Banashankari Devi M.,9901231235,,AG002,EX002,1500
B1334,Vageesh Acharya U,9901231236,,AG003,,1500
B1335,Arjun Kapikad,9901231237,,AG004,EX004,1500
B1336,Bangarappa Vedam,9901231238,,AG005,EX005,1500
B1337,Vageesh Acharya B,9901231239,,AG006,EX006,1500
B1338,Vinayaka R,9901231240,,AG007,EX007,1500
B1341,Kawadi Satvekar Pindi,9901231243,,,,1500
B1342,U.L.N Upadhyaya,9901231234,9901231244,AG001,EX001,1500
B1343,B S Banashankari Devi M.,9901231235,,AG002,EX002,1500
B1344,Vageesh Acharya U,9901231236,,AG003,,1500
B1345,Arjun Kapikad,9901231237,,AG004,EX004,1500
B1346,Bangarappa Vedam,9901231238,,AG005,EX005,1500
B1347,Vageesh Acharya B,9901231239,,AG006,EX006,1500
B1348,Vinayaka R,9901231240,,AG007,EX007,1500
B1351,Kawadi Satvekar Pindi,9901231243,,,,1500
B1352,U.L.N Upadhyaya,9901231234,9901231244,AG001,EX001,1500
B1353,B S Banashankari Devi M.,9901231235,,AG002,EX002,1500
B1354,Vageesh Acharya U,9901231236,,AG003,,1500
B1355,Arjun Kapikad,9901231237,,AG004,EX004,1500
B1356,Bangarappa Vedam,9901231238,,AG005,EX005,1500
B1357,Vageesh Acharya B,9901231239,,AG006,EX006,1500
B1358,Vinayaka R,9901231240,,AG007,EX007,1500
B1361,Kawadi Satvekar Pindi,9901231243,,,,1500
B1362,U.L.N Upadhyaya,9901231234,9901231244,AG001,EX001,1500
B1363,B S Banashankari Devi M.,9901231235,,AG002,EX002,1500
B1364,Vageesh Acharya U,9901231236,,AG003,,1500
B1365,Arjun Kapikad,9901231237,,AG004,EX004,1500
B1366,Bangarappa Vedam,9901231238,,AG005,EX005,1500
B1367,Vageesh Acharya B,9901231239,,AG006,EX006,1500
B1368,Vinayaka R,9901231240,,AG007,EX007,1500
B1371,Kawadi Satvekar Pindi,9901231243,,,,1500
B1372,U.L.N Upadhyaya,9901231234,9901231244,AG001,EX001,1500
B1373,B S Banashankari Devi M.,9901231235,,AG002,EX002,1500
B1374,Vageesh Acharya U,9901231236,,AG003,,1500
B1375,Arjun Kapikad,9901231237,,AG004,EX004,1500
B1376,Bangarappa Vedam,9901231238,,AG005,EX005,1500
B1377,Vageesh Acharya B,9901231239,,AG006,EX006,1500
B1378,Vinayaka R,9901231240,,AG007,EX007,1500
B1381,Kawadi Satvekar Pindi,9901231243,,,,1500
B1382,U.L.N Upadhyaya,9901231234,9901231244,AG001,EX001,1500
B1383,B S Banashankari Devi M.,9901231235,,AG002,EX002,1500
B1384,Vageesh Acharya U,9901231236,,AG003,,1500
B1385,Arjun Kapikad,9901231237,,AG004,EX004,1500
B1386,Bangarappa Vedam,9901231238,,AG005,EX005,1500
B1387,Vageesh Acharya B,9901231239,,AG006,EX006,1500
B1388,Vinayaka R,9901231240,,AG007,EX007,1500
B1391,Kawadi Satvekar Pindi,9901231243,,,,1500
B1392,U.L.N Upadhyaya,9901231234,9901231244,AG001,EX001,1500
B1393,B S Banashankari Devi M.,9901231235,,AG002,EX002,1500
B1394,Vageesh Acharya U,9901231236,,AG003,,1500
B1395,Arjun Kapikad,9901231237,,AG004,EX004,1500
B1396,Bangarappa Vedam,9901231238,,AG005,EX005,1500
B1397,Vageesh Acharya B,9901231239,,AG006,EX006,1500
B1398,Vinayaka R,9901231240,,AG007,EX007,1500
B1401,Kawadi Satvekar Pindi,9901231243,,,,1500
B1402,Kawadi Satvekar Pindi,9901231243,,,,1500
B1403,U.L.N Upadhyaya,9901231234,9901231244,AG001,EX001,1500
B1404,B S Banashankari Devi M.,9901231235,,AG002,EX002,1500
B1405,Vageesh Acharya U,9901231236,,AG003,,1500
B1406,Arjun Kapikad,9901231237,,AG004,EX004,1500
B1407,Bangarappa Vedam,9901231238,,AG005,EX005,1500
B1408,Vageesh Acharya B,9901231239,,AG006,EX006,1500
B1409,Vinayaka R,9901231240,,AG007,EX007,1500
B1412,Kawadi Satvekar Pindi,9901231243,,,,1500
B1413,U.L.N Upadhyaya,9901231234,9901231244,AG001,EX001,1500
B1414,B S Banashankari Devi M.,9901231235,,AG002,EX002,1500
B1415,Vageesh Acharya U,9901231236,,AG003,,1500
B1416,Arjun Kapikad,9901231237,,AG004,EX004,1500
B1417,Bangarappa Vedam,9901231238,,AG005,EX005,1500
B1418,Vageesh Acharya B,9901231239,,AG006,EX006,1500
B1419,Vinayaka R,9901231240,,AG007,EX007,1500
B1422,Kawadi Satvekar Pindi,9901231243,,,,1500
B1423,U.L.N Upadhyaya,9901231234,9901231244,AG001,EX001,1500
B1424,B S Banashankari Devi M.,9901231235,,AG002,EX002,1500
B1425,Vageesh Acharya U,9901231236,,AG003,,1500
B1426,Arjun Kapikad,9901231237,,AG004,EX004,1500
B1427,Bangarappa Vedam,9901231238,,AG005,EX005,1500
B1428,Vageesh Acharya B,9901231239,,AG006,EX006,1500
B1429,Vinayaka R,9901231240,,AG007,EX007,1500
B1432,Kawadi Satvekar Pindi,9901231243,,,,1500
B1433,U.L.N Upadhyaya,9901231234,9901231244,AG001,EX001,1500
B1434,B S Banashankari Devi M.,9901231235,,AG002,EX002,1500
B1435,Vageesh Acharya U,9901231236,,AG003,,1500
B1436,Arjun Kapikad,9901231237,,AG004,EX004,1500
B1437,Bangarappa Vedam,9901231238,,AG005,EX005,1500
B1438,Vageesh Acharya B,9901231239,,AG006,EX006,1500
B1439,Vinayaka R,9901231240,,AG007,EX007,1500
B1442,Kawadi Satvekar Pindi,9901231243,,,,1500
B1443,U.L.N Upadhyaya,9901231234,9901231244,AG001,EX001,1500
B1444,B S Banashankari Devi M.,9901231235,,AG002,EX002,1500
B1445,Vageesh Acharya U,9901231236,,AG003,,1500
B1446,Arjun Kapikad,9901231237,,AG004,EX004,1500
B1447,Bangarappa Vedam,9901231238,,AG005,EX005,1500
B1448,Vageesh Acharya B,9901231239,,AG006,EX006,1500
B1449,Vinayaka R,9901231240,,AG007,EX007,1500
B1452,Kawadi Satvekar Pindi,9901231243,,,,1500
B1453,U.L.N Upadhyaya,9901231234,9901231244,AG001,EX001,1500
B1454,B S Banashankari Devi M.,9901231235,,AG002,EX002,1500
B1455,Vageesh Acharya U,9901231236,,AG003,,1500
B1456,Arjun Kapikad,9901231237,,AG004,EX004,1500
B1457,Bangarappa Vedam,9901231238,,AG005,EX005,1500
B1458,Vageesh Acharya B,9901231239,,AG006,EX006,1500
B1459,Vinayaka R,9901231240,,AG007,EX007,1500
B1462,Kawadi Satvekar Pindi,9901231243,,,,1500
B1463,U.L.N Upadhyaya,9901231234,9901231244,AG001,EX001,1500
B1464,B S Banashankari Devi M.,9901231235,,AG002,EX002,1500
B1465,Vageesh Acharya U,9901231236,,AG003,,1500
B1466,Arjun Kapikad,9901231237,,AG004,EX004,1500
B1467,Bangarappa Vedam,9901231238,,AG005,EX005,1500
B1468,Vageesh Acharya B,9901231239,,AG006,EX006,1500
B1469,Vinayaka R,9901231240,,AG007,EX007,1500
B1472,Kawadi Satvekar Pindi,9901231243,,,,1500
B1473,U.L.N Upadhyaya,9901231234,9901231244,AG001,EX001,1500
B1474,B S Banashankari Devi M.,9901231235,,AG002,EX002,1500
B1475,Vageesh Acharya U,9901231236,,AG003,,1500
B1476,Arjun Kapikad,9901231237,,AG004,EX004,1500
B1477,Bangarappa Vedam,9901231238,,AG005,EX005,1500
B1478,Vageesh Acharya B,9901231239,,AG006,EX006,1500
B1479,Vinayaka R,9901231240,,AG007,EX007,1500
B1482,Kawadi Satvekar Pindi,9901231243,,,,1500
B1483,U.L.N Upadhyaya,9901231234,9901231244,AG001,EX001,1500
B1484,B S Banashankari Devi M.,9901231235,,AG002,EX002,1500
B1485,Vageesh Acharya U,9901231236,,AG003,,1500
B1486,Arjun Kapikad,9901231237,,AG004,EX004,1500
B1487,Bangarappa Vedam,9901231238,,AG005,EX005,1500
B1488,Vageesh Acharya B,9901231239,,AG006,EX006,1500
B1489,Vinayaka R,9901231240,,AG007,EX007,1500
B1492,Kawadi Satvekar Pindi,9901231243,,,,1500
B1493,U.L.N Upadhyaya,9901231234,9901231244,AG001,EX001,1500
B1494,B S Banashankari Devi M.,9901231235,,AG002,EX002,1500
B1495,Vageesh Acharya U,9901231236,,AG003,,1500
B1496,Arjun Kapikad,9901231237,,AG004,EX004,1500
B1497,Bangarappa Vedam,9901231238,,AG005,EX005,1500
B1498,Vageesh Acharya B,9901231239,,AG006,EX006,1500
B1499,Vinayaka R,9901231240,,AG007,EX007,1500
B1502,Kawadi Satvekar Pindi,9901231243,,,,1500
B1503,U.L.N Upadhyaya,9901231234,9901231244,AG001,EX001,1500
B1504,B S Banashankari Devi M.,9901231235,,AG002,EX002,1500
B1505,Vageesh Acharya U,9901231236,,AG003,,1500
B1506,Arjun Kapikad,9901231237,,AG004,EX004,1500
B1507,Bangarappa Vedam,9901231238,,AG005,EX005,1500
B1508,Vageesh Acharya B,9901231239,,AG006,EX006,1500
B1509,Vinayaka R,9901231240,,AG007,EX007,1500
B1512,Kawadi Satvekar Pindi,9901231243,,,,1500
B1513,U.L.N Upadhyaya,9901231234,9901231244,AG001,EX001,1500
B1514,B S Banashankari Devi M.,9901231235,,AG002,EX002,1500
B1515,Vageesh Acharya U,9901231236,,AG003,,1500
B1516,Arjun Kapikad,9901231237,,AG004,EX004,1500
B1517,Bangarappa Vedam,9901231238,,AG005,EX005,1500
B1518,Vageesh Acharya B,9901231239,,AG006,EX006,1500
B1519,Vinayaka R,9901231240,,AG007,EX007,1500
B1522,Kawadi Satvekar Pindi,9901231243,,,,1500
B1523,U.L.N Upadhyaya,9901231234,9901231244,AG001,EX001,1500
B1524,B S Banashankari Devi M.,9901231235,,AG002,EX002,1500
B1525,Vageesh Acharya U,9901231236,,AG003,,1500
B1526,Arjun Kapikad,9901231237,,AG004,EX004,1500
B1527,Bangarappa Vedam,9901231238,,AG005,EX005,1500
B1528,Vageesh Acharya B,9901231239,,AG006,EX006,1500
B1529,Vinayaka R,9901231240,,AG007,EX007,1500
B1532,Kawadi Satvekar Pindi,9901231243,,,,1500
B1533,U.L.N Upadhyaya,9901231234,9901231244,AG001,EX001,1500
B1534,B S Banashankari Devi M.,9901231235,,AG002,EX002,1500
B1535,Vageesh Acharya U,9901231236,,AG003,,1500
B1536,Arjun Kapikad,9901231237,,AG004,EX004,1500
B1537,Bangarappa Vedam,9901231238,,AG005,EX005,1500
B1538,Vageesh Acharya B,9901231239,,AG006,EX006,1500
B1539,Vinayaka R,9901231240,,AG007,EX007,1500
B1542,Kawadi Satvekar Pindi,9901231243,,,,1500
B1543,U.L.N Upadhyaya,9901231234,9901231244,AG001,EX001,1500
B1544,B S Banashankari Devi M.,9901231235,,AG002,EX002,1500
B1545,Vageesh Acharya U,9901231236,,AG003,,1500
B1546,Arjun Kapikad,9901231237,,AG004,EX004,1500
B1547,Bangarappa Vedam,9901231238,,AG005,EX005,1500
B1548,Vageesh Acharya B,9901231239,,AG006,EX006,1500
B1549,Vinayaka R,9901231240,,AG007,EX007,1500
B1552,Kawadi Satvekar Pindi,9901231243,,,,1500
B1553,U.L.N Upadhyaya,9901231234,9901231244,AG001,EX001,1500
B1554,B S Banashankari Devi M.,9901231235,,AG002,EX002,1500
B1555,Vageesh Acharya U,9901231236,,AG003,,1500
B1556,Arjun Kapikad,9901231237,,AG004,EX004,1500
B1557,Bangarappa Vedam,9901231238,,AG005,EX005,1500
B1558,Vageesh Acharya B,9901231239,,AG006,EX006,1500
B1559,Vinayaka R,9901231240,,AG007,EX007,1500
B1562,Kawadi Satvekar Pindi,9901231243,,,,1500
B1563,U.L.N Upadhyaya,9901231234,9901231244,AG001,EX001,1500
B1564,B S Banashankari Devi M.,9901231235,,AG002,EX002,1500
B1565,Vageesh Acharya U,9901231236,,AG003,,1500
B1566,Arjun Kapikad,9901231237,,AG004,EX004,1500
B1567,Bangarappa Vedam,9901231238,,AG005,EX005,1500
B1568,Vageesh Acharya B,9901231239,,AG006,EX006,1500
B1569,Vinayaka R,9901231240,,AG007,EX007,1500
B1572,Kawadi Satvekar Pindi,9901231243,,,,1500
B1573,U.L.N Upadhyaya,9901231234,9901231244,AG001,EX001,1500
B1574,B S Banashankari Devi M.,9901231235,,AG002,EX002,1500
B1575,Vageesh Acharya U,9901231236,,AG003,,1500
B1576,Arjun Kapikad,9901231237,,AG004,EX004,1500
B1577,Bangarappa Vedam,9901231238,,AG005,EX005,1500
B1578,Vageesh Acharya B,9901231239,,AG006,EX006,1500
B1579,Vinayaka R,9901231240,,AG007,EX007,1500
B1582,Kawadi Satvekar Pindi,9901231243,,,,1500
B1583,U.L.N Upadhyaya,9901231234,9901231244,AG001,EX001,1500
B1584,B S Banashankari Devi M.,9901231235,,AG002,EX002,1500
B1585,Vageesh Acharya U,9901231236,,AG003,,1500
B1586,Arjun Kapikad,9901231237,,AG004,EX004,1500
B1587,Bangarappa Vedam,9901231238,,AG005,EX005,1500
B1588,Vageesh Acharya B,9901231239,,AG006,EX006,1500
B1589,Vinayaka R,9901231240,,AG007,EX007,1500
B1592,Kawadi Satvekar Pindi,9901231243,,,,1500
B1593,U.L.N Upadhyaya,9901231234,9901231244,AG001,EX001,1500
B1594,B S Banashankari Devi M.,9901231235,,AG002,EX002,1500
B1595,Vageesh Acharya U,9901231236,,AG003,,1500
B1596,Arjun Kapikad,9901231237,,AG004,EX004,1500
B1597,Bangarappa Vedam,9901231238,,AG005,EX005,1500
B1598,Vageesh Acharya B,9901231239,,AG006,EX006,1500
B1599,Vinayaka R,9901231240,,AG007,EX007,1500
B1602,Kawadi Satvekar Pindi,9901231243,,,,1500
B1603,Kawadi Satvekar Pindi,9901231243,,,,1500
B1604,U.L.N Upadhyaya,9901231234,9901231244,AG001,EX001,1500
B1605,B S Banashankari Devi M.,9901231235,,AG002,EX002,1500
B1606,Vageesh Acharya U,9901231236,,AG003,,1500
B1607,Arjun Kapikad,9901231237,,AG004,EX004,1500
B1608,Bangarappa Vedam,9901231238,,AG005,EX005,1500
B1609,Vageesh Acharya B,9901231239,,AG006,EX006,1500
B1610,Vinayaka R,9901231240,,AG007,EX007,1500
B1613,Kawadi Satvekar Pindi,9901231243,,,,1500
B1614,U.L.N Upadhyaya,9901231234,9901231244,AG001,EX001,1500
B1615,B S Banashankari Devi M.,9901231235,,AG002,EX002,1500
B1616,Vageesh Acharya U,9901231236,,AG003,,1500
B1617,Arjun Kapikad,9901231237,,AG004,EX004,1500
B1618,Bangarappa Vedam,9901231238,,AG005,EX005,1500
B1619,Vageesh Acharya B,9901231239,,AG006,EX006,1500
B1620,Vinayaka R,9901231240,,AG007,EX007,1500
B1623,Kawadi Satvekar Pindi,9901231243,,,,1500
B1624,U.L.N Upadhyaya,9901231234,9901231244,AG001,EX001,1500
B1625,B S Banashankari Devi M.,9901231235,,AG002,EX002,1500
B1626,Vageesh Acharya U,9901231236,,AG003,,1500
B1627,Arjun Kapikad,9901231237,,AG004,EX004,1500
B1628,Bangarappa Vedam,9901231238,,AG005,EX005,1500
B1629,Vageesh Acharya B,9901231239,,AG006,EX006,1500
B1630,Vinayaka R,9901231240,,AG007,EX007,1500
B1633,Kawadi Satvekar Pindi,9901231243,,,,1500
B1634,U.L.N Upadhyaya,9901231234,9901231244,AG001,EX001,1500
B1635,B S Banashankari Devi M.,9901231235,,AG002,EX002,1500
B1636,Vageesh Acharya U,9901231236,,AG003,,1500
B1637,Arjun Kapikad,9901231237,,AG004,EX004,1500
B1638,Bangarappa Vedam,9901231238,,AG005,EX005,1500
B1639,Vageesh Acharya B,9901231239,,AG006,EX006,1500
B1640,Vinayaka R,9901231240,,AG007,EX007,1500
B1643,Kawadi Satvekar Pindi,9901231243,,,,1500
B1644,U.L.N Upadhyaya,9901231234,9901231244,AG001,EX001,1500
B1645,B S Banashankari Devi M.,9901231235,,AG002,EX002,1500
B1646,Vageesh Acharya U,9901231236,,AG003,,1500
B1647,Arjun Kapikad,9901231237,,AG004,EX004,1500
B1648,Bangarappa Vedam,9901231238,,AG005,EX005,1500
B1649,Vageesh Acharya B,9901231239,,AG006,EX006,1500
B1650,Vinayaka R,9901231240,,AG007,EX007,1500
B1653,Kawadi Satvekar Pindi,9901231243,,,,1500
B1654,U.L.N Upadhyaya,9901231234,9901231244,AG001,EX001,1500
B1655,B S Banashankari Devi M.,9901231235,,AG002,EX002,1500
B1656,Vageesh Acharya U,9901231236,,AG003,,1500
B1657,Arjun Kapikad,9901231237,,AG004,EX004,1500
B1658,Bangarappa Vedam,9901231238,,AG005,EX005,1500
B1659,Vageesh Acharya B,9901231239,,AG006,EX006,1500
B1660,Vinayaka R,9901231240,,AG007,EX007,1500
B1663,Kawadi Satvekar Pindi,9901231243,,,,1500
B1664,U.L.N Upadhyaya,9901231234,9901231244,AG001,EX001,1500
B1665,B S Banashankari Devi M.,9901231235,,AG002,EX002,1500
B1666,Vageesh Acharya U,9901231236,,AG003,,1500
B1667,Arjun Kapikad,9901231237,,AG004,EX004,1500
B1668,Bangarappa Vedam,9901231238,,AG005,EX005,1500
B1669,Vageesh Acharya B,9901231239,,AG006,EX006,1500
B1670,Vinayaka R,9901231240,,AG007,EX007,1500
B1673,Kawadi Satvekar Pindi,9901231243,,,,1500
B1674,U.L.N Upadhyaya,9901231234,9901231244,AG001,EX001,1500
B1675,B S Banashankari Devi M.,9901231235,,AG002,EX002,1500
B1676,Vageesh Acharya U,9901231236,,AG003,,1500
B1677,Arjun Kapikad,9901231237,,AG004,EX004,1500
B1678,Bangarappa Vedam,9901231238,,AG005,EX005,1500
B1679,Vageesh Acharya B,9901231239,,AG006,EX006,1500
B1680,Vinayaka R,9901231240,,AG007,EX007,1500
B1683,Kawadi Satvekar Pindi,9901231243,,,,1500
B1684,U.L.N Upadhyaya,9901231234,9901231244,AG001,EX001,1500
B1685,B S Banashankari Devi M.,9901231235,,AG002,EX002,1500
B1686,Vageesh Acharya U,9901231236,,AG003,,1500
B1687,Arjun Kapikad,9901231237,,AG004,EX004,1500
B1688,Bangarappa Vedam,9901231238,,AG005,EX005,1500
B1689,Vageesh Acharya B,9901231239,,AG006,EX006,1500
B1690,Vinayaka R,9901231240,,AG007,EX007,1500
B1693,Kawadi Satvekar Pindi,9901231243,,,,1500
B1694,U.L.N Upadhyaya,9901231234,9901231244,AG001,EX001,1500
B1695,B S Banashankari Devi M.,9901231235,,AG002,EX002,1500
B1696,Vageesh Acharya U,9901231236,,AG003,,1500
B1697,Arjun Kapikad,9901231237,,AG004,EX004,1500
B1698,Bangarappa Vedam,9901231238,,AG005,EX005,1500
B1699,Vageesh Acharya B,9901231239,,AG006,EX006,1500
Last Date,2024-01-05,,,,,
